Longitude  ,Latitude,_Time_
0,0,3801
-84.405647,33.787289,3802
-84.40567,33.787281,3907
-84.405678,33.78727,3937
-84.405647,33.787251,4146
-84.405647,33.787239,4246
-84.405663,33.787258,4357
-84.405762,33.787258,4410
-84.405739,33.787258,4419
-84.40538,33.787201,4439
-84.405357,33.787209,4622
-84.405281,33.787121,4634
-84.405281,33.787128,4652
-84.405281,33.786282,4720
-84.405281,33.786289,4732
-84.406914,33.786011,4802
-84.40538,33.783428,4832
-84.404343,33.781761,4856
-84.404373,33.781738,4930
-84.404358,33.781719,4933
-84.404358,33.781719,4935
-84.402672,33.779831,5005
-84.401863,33.777981,5035
-84.403091,33.777199,5105
-84.404213,33.77784,5135
-84.404182,33.778252,5149
-84.404182,33.778252,5150
-84.404137,33.778301,5319
-84.404137,33.778301,5328
-84.404152,33.778332,5332
-84.404152,33.778339,5336
-84.404259,33.77951,5406
-84.403023,33.779579,5431
-84.402939,33.779591,5434
-84.402931,33.77961,5442
-84.402924,33.779621,5445
-84.40152,33.778568,5515
-84.402649,33.777199,5545
-84.402809,33.775188,5615
-84.402832,33.775089,5617
-84.402832,33.775059,5620
-84.402641,33.775162,5631
-84.402634,33.775162,5643
-84.401947,33.773861,5713
-84.398643,33.773281,5743
-84.397102,33.772888,5805
-84.397087,33.7729,5807
-84.397003,33.773151,5817
-84.397011,33.773201,5822
-84.397018,33.773209,5826
-84.397018,33.77322,5828
-84.397102,33.772831,5858
-84.39566,33.772331,5926
-84.395653,33.772331,5927
-84.39534,33.771301,5957
-84.392036,33.771301,10027
-84.391937,33.771851,10040
-84.391937,33.771839,10056
-84.391937,33.771839,10059
-84.39196,33.773701,10129
-84.391953,33.773762,10132
-84.391953,33.773781,10135
-84.391899,33.77494,10153
-84.391876,33.775009,10157
-84.391876,33.775009,10157
-84.391899,33.775002,10203
-84.393501,33.775902,10233
-84.395088,33.77549,10303
-84.396118,33.775299,10334
-84.396111,33.77523,10339
-84.396111,33.77523,10340
-84.396141,33.775269,10842
-84.396141,33.775269,10852
-84.395012,33.775589,10922
-84.393761,33.775928,10952
-84.392029,33.775139,11022
-84.392014,33.774979,11027
-84.392021,33.774948,11029
-84.392021,33.77496,11041
-84.392021,33.774948,11044
-84.391983,33.772999,11114
-84.392052,33.7715,11130
-84.392052,33.771488,11133
-84.392036,33.771519,11143
-84.392036,33.7715,11146
-84.393227,33.771358,11208
-84.39325,33.77137,11229
-84.395447,33.771431,11259
-84.395729,33.772331,11329
-84.397049,33.772831,11359
-84.396927,33.77309,11408
-84.396942,33.77314,11412
-84.39695,33.77314,11432
-84.39695,33.77314,11434
-84.397049,33.772861,11504
-84.399422,33.773399,11534
-84.4021,33.774021,11604
-84.402092,33.77404,11623
-84.402359,33.775002,11649
-84.402367,33.775028,11653
-84.402359,33.775028,11701
-84.402359,33.77504,11703
-84.402489,33.775799,11733
-84.402611,33.777248,11803
-84.404182,33.777302,11833
-84.40416,33.778301,11858
-84.40416,33.778301,11859
-84.404198,33.778332,12318
-84.404198,33.778339,12327
-84.404137,33.779469,12357
-84.40287,33.77953,12425
-84.402847,33.77953,12427
-84.402847,33.779549,12444
-84.40284,33.77956,12452
-84.402603,33.779572,12503
-84.402611,33.779579,12509
-84.401421,33.778301,12539
-84.402473,33.77655,12609
-84.402618,33.77512,12635
-84.402618,33.775108,12637
-84.402618,33.775131,12644
-84.402634,33.77512,12650
-84.401329,33.77367,12720
-84.397842,33.773109,12750
-84.397057,33.772888,12804
-84.397057,33.772888,12805
-84.39695,33.773178,12815
-84.39695,33.773201,12818
-84.396973,33.77319,12839
-84.39698,33.773201,12842
-84.396988,33.77322,12844
-84.396988,33.773232,12845
-84.397003,33.773232,12916
-84.397003,33.773232,12917
-84.39711,33.77285,12947
-84.395576,33.772339,13017
-84.395508,33.77142,13039
-84.395561,33.771431,13054
-84.392609,33.771309,13124
-84.392357,33.771309,13129
-84.392342,33.771309,13155
-84.391968,33.771839,13218
-84.391968,33.77187,13222
-84.391991,33.771858,13233
-84.391991,33.771858,13234
-84.392014,33.773891,13304
-84.391968,33.775089,13319
-84.391968,33.775101,13322
-84.391968,33.77507,13327
-84.391968,33.775082,13329
-84.393494,33.775921,13359
-84.394943,33.775681,13429
-84.395973,33.775372,13448
-84.395973,33.77536,13611
-84.395981,33.77536,13621
-84.395988,33.77536,13651
-84.395988,33.77536,13651
-84.395981,33.77536,13721
-84.395988,33.77536,13722
-84.396118,33.77541,13732
-84.396111,33.77541,13740
-84.396118,33.775341,13749
-84.396141,33.775341,13752
-84.396141,33.77528,13758
-84.396141,33.77528,13759
-84.396072,33.77528,13829
-84.396103,33.775269,13837
-84.395119,33.77552,13907
-84.393944,33.775909,13935
-84.393944,33.775909,13937
-84.392174,33.77515,14007
-84.392029,33.774929,14020
-84.392029,33.774921,14022
-84.392029,33.774921,14037
-84.392029,33.774921,14039
-84.391998,33.773151,14109
-84.39212,33.771488,14128
-84.39212,33.771469,14130
-84.392082,33.771461,14147
-84.39209,33.771461,14149
-84.394798,33.771332,14219
-84.395477,33.771938,14249
-84.395493,33.772209,14256
-84.395554,33.772251,14302
-84.397049,33.772751,14332
-84.396973,33.77317,14349
-84.396973,33.773178,14352
-84.396973,33.77317,14357
-84.396973,33.77317,14359
-84.397087,33.772869,14429
-84.400002,33.773521,14459
-84.402229,33.774181,14523
-84.402222,33.77417,14553
-84.402229,33.77417,14622
-84.402397,33.77504,14646
-84.402412,33.775082,14650
-84.402397,33.77507,14708
-84.402412,33.775089,14712
-84.402512,33.77639,14742
-84.403137,33.77726,14812
-84.404243,33.77784,14842
-84.404198,33.778221,14853
-84.404198,33.778221,14854
-84.404213,33.778252,15300
-84.404198,33.778259,15305
-84.404213,33.779549,15335
-84.402969,33.779598,15401
-84.402908,33.779591,15404
-84.402939,33.779701,15421
-84.402931,33.779701,15425
-84.401649,33.77874,15455
-84.402481,33.776958,15525
-84.402641,33.77523,15551
-84.402641,33.775169,15554
-84.402634,33.7752,15608
-84.402634,33.775188,15610
-84.402527,33.77449,15635
-84.402527,33.77449,15650
-84.399803,33.773499,15720
-84.39711,33.7729,15750
-84.396973,33.77317,15801
-84.39698,33.773239,15804
-84.396988,33.773251,15818
-84.396988,33.773251,15819
-84.397141,33.772781,15849
-84.395569,33.77195,15919
-84.3936,33.771301,15949
-84.391968,33.77177,20019
-84.39196,33.771809,20019
-84.39196,33.771851,20022
-84.391991,33.771832,20048
-84.391991,33.771832,20050
-84.391991,33.771839,20052
-84.391991,33.771839,20053
-84.391953,33.771851,20106
-84.391953,33.771931,20109
-84.39193,33.773811,20139
-84.391891,33.774979,20158
-84.391891,33.77499,20200
-84.391922,33.775009,20213
-84.391922,33.775021,20215
-84.393448,33.775921,20245
-84.395241,33.77544,20315
-84.396141,33.775299,20335
-84.396133,33.775299,20336
-84.396118,33.77528,21358
-84.396118,33.77528,21402
-84.39492,33.775631,21432
-84.39373,33.775928,21502
-84.391991,33.775101,21532
-84.392014,33.775009,21533
-84.392021,33.774979,21535
-84.392029,33.77496,21550
-84.392029,33.77496,21552
-84.392021,33.773701,21622
-84.392082,33.771519,21645
-84.392082,33.771511,21647
-84.392113,33.77153,21713
-84.394432,33.771431,21743
-84.395508,33.772301,21813
-84.397057,33.772861,21843
-84.397003,33.773201,21900
-84.397003,33.77322,21902
-84.396988,33.773201,21914
-84.39698,33.773209,21922
-84.397087,33.772991,21952
-84.399109,33.773411,22022
-84.402107,33.774101,22052
-84.402367,33.77504,22115
-84.402382,33.77507,22118
-84.402382,33.775082,22125
-84.40239,33.775082,22128
-84.402473,33.776489,22158
-84.403488,33.777248,22228
-84.404221,33.778149,22258
-84.404213,33.778271,22304
-84.404213,33.778271,22304
-84.404213,33.778271,22334
-84.404198,33.778259,22411
-84.404198,33.778271,22417
-84.404167,33.779381,22447
-84.402931,33.77964,22517
-84.402809,33.779652,22520
-84.402847,33.779758,22522
-84.402786,33.779819,22531
-84.402802,33.7798,22533
-84.402542,33.779789,22547
-84.402519,33.779789,22552
-84.401512,33.778358,22622
-84.402443,33.776089,22652
-84.402542,33.775291,22708
-84.402542,33.775269,22710
-84.402634,33.7752,22728
-84.402634,33.775188,22738
-84.402512,33.77446,22803
-84.402512,33.774448,22820
-84.400421,33.77356,22850
-84.397263,33.772861,22920
-84.396889,33.773121,22939
-84.396896,33.773151,22942
-84.396957,33.773151,22956
-84.396957,33.773159,22957
-84.397087,33.77272,23027
-84.395493,33.77219,23057
-84.394363,33.77132,23127
-84.39241,33.77129,23147
-84.392464,33.77129,23158
-84.39196,33.771839,23217
-84.391983,33.77187,23220
-84.39209,33.7719,23236
-84.39209,33.771889,23239
-84.391991,33.773979,23309
-84.39196,33.775002,23322
-84.39196,33.77504,23325
-84.39193,33.775021,23332
-84.39193,33.775028,23336
-84.393532,33.77594,23406
-84.395126,33.775532,23436
-84.396141,33.77528,23501
-84.396133,33.77528,23502
-84.396088,33.77528,23532
-84.396111,33.775291,23837
-84.396111,33.775291,23846
-84.394943,33.77565,23916
-84.393959,33.77597,23942
-84.393944,33.775982,23945
-84.392151,33.775188,24015
-84.392059,33.77515,24022
-84.392036,33.77515,24023
-84.391998,33.77499,24031
-84.391998,33.77496,24033
-84.392021,33.774948,24045
-84.392029,33.77494,24048
-84.392021,33.772789,24118
-84.39209,33.771519,24133
-84.39209,33.7715,24135
-84.39209,33.771511,24304
-84.39209,33.7715,24306
-84.392097,33.771481,24312
-84.392097,33.771469,24324
-84.39328,33.771351,24354
-84.39328,33.771351,24354
-84.39328,33.771351,24408
-84.395569,33.77142,24438
-84.396133,33.772518,24508
-84.396957,33.77306,24538
-84.39695,33.773151,24540
-84.396957,33.773178,24543
-84.396881,33.77314,24601
-84.396881,33.773151,24609
-84.397072,33.772911,24639
-84.39994,33.773548,24709
-84.402206,33.774181,24733
-84.402199,33.774151,24749
-84.402367,33.775051,24816
-84.402382,33.77507,24818
-84.402382,33.77507,24820
-84.402382,33.775082,24825
-84.402481,33.776051,24855
-84.402733,33.77726,24925
-84.404213,33.777328,24955
-84.404259,33.778221,25018
-84.404251,33.778221,25020
-84.404182,33.77821,25050
-84.403908,33.778259,25316
-84.403908,33.778271,25325
-84.403923,33.779579,25355
-84.40287,33.779621,25420
-84.40284,33.779621,25423
-84.402878,33.779659,25435
-84.402878,33.779659,25437
-84.401749,33.77879,25507
-84.402458,33.77681,25537
-84.402527,33.77552,25555
-84.402527,33.775539,25559
-84.402618,33.7752,25610
-84.402618,33.775181,25612
-84.402634,33.775188,25626
-84.402634,33.7752,25633
-84.401909,33.773842,25703
-84.39814,33.773239,25733
-84.397041,33.772881,25752
-84.397034,33.772888,25753
-84.396889,33.773121,25802
-84.396889,33.773159,25806
-84.396889,33.773159,25815
-84.396896,33.77317,25817
-84.397087,33.772751,25847
-84.395531,33.77227,25917
-84.395531,33.771439,25934
-84.395531,33.771439,25935
-84.395531,33.771431,25936
-84.395523,33.77142,25944
-84.392509,33.771309,30014
-84.391998,33.771801,30031
-84.391998,33.771858,30035
-84.392036,33.771759,30043
-84.392052,33.771751,30045
-84.392036,33.773239,30115
-84.392036,33.77364,30124
-84.392014,33.773769,30133
-84.391968,33.775028,30153
-84.391968,33.775028,30155
-84.391907,33.775002,30203
-84.391922,33.775021,30206
-84.39193,33.775051,30210
-84.391937,33.775059,30212
-84.393547,33.775928,30242
-84.39547,33.775379,30312
-84.396172,33.775311,30331
-84.396179,33.77528,30332
-84.396149,33.77523,30402
-84.396118,33.775318,31235
-84.396111,33.775318,31242
-84.394852,33.775711,31312
-84.3936,33.77594,31342
-84.391991,33.77504,31412
-84.392021,33.774948,31415
-84.392036,33.77494,31427
-84.392036,33.774921,31429
-84.392021,33.77401,31450
-84.392021,33.77401,31452
-84.392029,33.771679,31522
-84.392059,33.771469,31525
-84.392059,33.77145,31527
-84.391869,33.771301,31546
-84.391876,33.77129,31549
-84.393059,33.771191,31612
-84.39312,33.771252,31634
-84.39547,33.771389,31704
-84.395897,33.772282,31734
-84.397049,33.772751,31753
-84.397049,33.772751,31754
-84.399902,33.77343,31824
-84.402199,33.77412,31848
-84.402161,33.774151,31923
-84.402359,33.775028,31947
-84.402367,33.775059,31949
-84.402367,33.775051,32013
-84.402382,33.775051,32016
-84.402473,33.776321,32046
-84.402397,33.777199,32100
-84.40229,33.777161,32106
-84.403862,33.777309,32136
-84.404114,33.778198,32205
-84.404114,33.778198,32207
-84.40416,33.778111,32237
-84.40416,33.778111,32453
-84.40416,33.778111,32502
-84.404213,33.7794,32532
-84.402946,33.779572,32601
-84.402893,33.779572,32604
-84.402931,33.77961,32611
-84.402924,33.779621,32620
-84.40168,33.778709,32650
-84.402481,33.776932,32720
-84.402573,33.775421,32750
-84.402649,33.775131,32801
-84.402641,33.775089,32804
-84.402641,33.775101,32814
-84.402641,33.775089,32832
-84.401131,33.77364,32902
-84.397392,33.772991,32932
-84.397278,33.7729,32936
-84.397339,33.772869,32942
-84.39711,33.772888,32952
-84.39711,33.772888,32953
-84.396988,33.77317,33004
-84.396988,33.773201,33006
-84.39698,33.773201,33015
-84.396988,33.773201,33018
-84.397102,33.77282,33048
-84.395538,33.77216,33118
-84.394028,33.77129,33148
-84.392303,33.77129,33206
-84.392303,33.77129,33209
-84.39193,33.77182,33225
-84.391899,33.771858,33228
-84.392021,33.771778,33241
-84.392014,33.771801,33247
-84.391998,33.773689,33314
-84.391983,33.773701,33333
-84.391937,33.774921,33353
-84.391937,33.774948,33356
-84.391937,33.774948,33357
-84.39196,33.77499,33402
-84.393433,33.775902,33432
-84.395157,33.775471,33502
-84.396103,33.775341,33526
-84.396103,33.775341,33526
-84.396072,33.775341,33556
-84.396103,33.775341,33907
-84.396111,33.77533,33914
-84.395409,33.775349,33944
-84.394379,33.775829,34004
-84.394371,33.775829,34006
-84.393951,33.775902,34028
-84.393944,33.77589,34030
-84.392097,33.77512,34100
-84.392014,33.77496,34110
-84.392014,33.774929,34113
-84.392014,33.774948,34126
-84.392014,33.77494,34128
-84.391968,33.772572,34158
-84.392082,33.771511,34211
-84.392082,33.771488,34213
-84.392021,33.77153,34243
-84.391983,33.771549,34307
-84.391983,33.771549,34309
-84.391991,33.7715,34316
-84.392052,33.771439,34322
-84.394722,33.771381,34352
-84.395378,33.772251,34422
-84.397034,33.772812,34452
-84.39698,33.773129,34510
-84.39698,33.773151,34513
-84.39698,33.773151,34514
-84.396957,33.773159,34518
-84.397072,33.772991,34548
-84.399208,33.773441,34618
-84.40242,33.774319,34648
-84.402382,33.77504,34704
-84.402397,33.775082,34707
-84.40239,33.775082,34708
-84.402367,33.775059,34712
-84.402473,33.77644,34742
-84.40303,33.777248,34812
-84.404243,33.777599,34842
-84.404243,33.778172,34855
-84.404243,33.778172,34856
-84.404243,33.778198,35330
-84.404243,33.779518,35359
-84.404243,33.779518,35400
-84.402962,33.779621,35429
-84.402931,33.779621,35432
-84.402931,33.77961,35443
-84.402924,33.77961,35454
-84.40152,33.77853,35524
-84.402496,33.776428,35554
-84.402634,33.775188,35617
-84.402634,33.775169,35619
-84.402634,33.775181,35638
-84.402641,33.775169,35642
-84.401588,33.77372,35712
-84.397667,33.773071,35742
-84.397079,33.772911,35754
-84.397079,33.772919,35755
-84.39695,33.773159,35804
-84.396957,33.773209,35808
-84.396988,33.773209,35832
-84.397003,33.77322,35834
-84.397133,33.772949,35857
-84.397133,33.77293,35902
-84.395737,33.77235,35932
-84.395538,33.77137,40002
-84.392197,33.77132,40032
-84.39212,33.77132,40035
-84.39212,33.771309,40042
-84.391968,33.771809,40056
-84.39196,33.771851,40059
-84.392052,33.77198,40117
-84.39196,33.77417,40147
-84.391922,33.77507,40159
-84.39193,33.775101,40202
-84.391937,33.775021,40212
-84.391937,33.775028,40214
-84.393517,33.775959,40244
-84.393539,33.775959,40246
-84.393547,33.775959,40247
-84.395012,33.775631,40317
-84.396149,33.77533,40344
-84.396141,33.77533,40345
-84.396141,33.775311,41038
-84.396141,33.775299,41042
-84.395309,33.77549,41112
-84.393967,33.775909,41138
-84.393967,33.775909,41140
-84.392197,33.7752,41210
-84.392036,33.774971,41225
-84.392029,33.774948,41227
-84.392029,33.77499,41239
-84.392036,33.774979,41242
-84.392067,33.773178,41312
-84.392151,33.771568,41331
-84.392151,33.7715,41333
-84.392128,33.7715,41345
-84.394493,33.771358,41415
-84.395523,33.772202,41445
-84.397049,33.772789,41515
-84.399162,33.773418,41545
-84.402199,33.774109,41615
-84.402191,33.77412,41616
-84.402153,33.77412,41619
-84.402382,33.77504,41645
-84.402397,33.775082,41648
-84.402397,33.775082,41649
-84.40239,33.775059,41654
-84.402481,33.776371,41724
-84.403198,33.777241,41754
-84.404243,33.777531,41824
-84.404182,33.778198,41843
-84.404182,33.778198,41844
-84.404182,33.778259,42410
-84.404167,33.778259,42417
-84.404099,33.77951,42447
-84.402946,33.779598,42517
-84.402863,33.779598,42519
-84.40284,33.779598,42522
-84.402863,33.779591,42533
-84.402847,33.779591,42536
-84.401749,33.778831,42606
-84.402359,33.777351,42636
-84.402573,33.775341,42706
-84.402611,33.7752,42709
-84.402618,33.775169,42712
-84.402618,33.775219,42720
-84.402634,33.775219,42732
-84.402481,33.774399,42756
-84.402481,33.774399,42819
-84.39994,33.77346,42849
-84.397079,33.77293,42922
-84.396988,33.773079,42928
-84.397003,33.773129,42932
-84.396988,33.773178,42949
-84.397003,33.77319,42952
-84.397087,33.772991,43022
-84.395859,33.772388,43052
-84.395531,33.771412,43122
-84.392311,33.77132,43152
-84.392303,33.77132,43152
-84.392349,33.771389,43158
-84.391998,33.77187,43214
-84.391998,33.7719,43217
-84.391998,33.77187,43231
-84.391991,33.77187,43232
-84.391968,33.773911,43302
-84.391953,33.77504,43317
-84.39196,33.775059,43320
-84.391953,33.77504,43326
-84.391937,33.775051,43329
-84.39328,33.77589,43359
-84.394493,33.775848,43429
-84.395973,33.775421,43459
-84.396141,33.775291,43508
-84.396141,33.775291,43509
-84.396141,33.77528,43539
-84.396149,33.775269,43807
-84.396149,33.775261,43814
-84.395142,33.775539,43844
-84.393753,33.77594,43914
-84.392082,33.77515,43943
-84.392082,33.77515,43947
-84.392067,33.775002,43954
-84.392082,33.774971,43957
-84.392052,33.774979,44007
-84.392036,33.774948,44012
-84.392036,33.77235,44042
-84.392082,33.771709,44049
-84.39209,33.771671,44052
-84.39209,33.771641,44108
-84.39209,33.771641,44113
-84.394073,33.77137,44143
-84.3955,33.772171,44213
-84.397011,33.772789,44243
-84.399071,33.773411,44313
-84.402283,33.774231,44343
-84.40239,33.775108,44405
-84.402397,33.77512,44407
-84.402382,33.77512,44409
-84.402382,33.775108,44416
-84.402451,33.776539,44446
-84.403229,33.777279,44516
-84.404213,33.777721,44546
-84.404137,33.778229,44600
-84.404121,33.778221,44602
-84.404121,33.77821,44632
-84.404137,33.77824,45319
-84.404137,33.778252,45326
-84.404221,33.779598,45356
-84.402977,33.779621,45420
-84.402931,33.779621,45423
-84.402939,33.779621,45428
-84.402939,33.779621,45438
-84.401573,33.778622,45508
-84.40258,33.776661,45538
-84.40271,33.775169,45605
-84.402649,33.775162,45618
-84.402657,33.775131,45628
-84.402649,33.77512,45632
-84.402573,33.774521,45702
-84.398918,33.773331,45732
-84.39698,33.77314,45800
-84.396988,33.773178,45803
-84.397011,33.77317,45816
-84.397018,33.773178,45818
-84.39724,33.773159,45833
-84.397217,33.773178,45906
-84.397217,33.773178,45936
-84.397217,33.773178,45945
-84.397217,33.773178,51737
-84.397217,33.77319,51934
-84.397232,33.773178,51947
-84.397057,33.772968,52009
-84.397057,33.772968,52010
-84.397133,33.772888,52019
-84.397141,33.772881,52022
-84.399406,33.77346,52052
-84.402428,33.774391,52122
-84.402519,33.775532,52152
-84.402451,33.777271,52222
-84.403519,33.77729,52252
-84.40419,33.778061,52322
-84.404167,33.778271,52327
-84.404167,33.778271,52328
-84.404167,33.77824,52344
-84.40416,33.77824,52347
-84.404129,33.779381,52417
-84.402969,33.779709,52447
-84.402069,33.77924,52517
-84.402344,33.777599,52547
-84.402542,33.77552,52617
-84.402451,33.774391,52647
-84.402451,33.774391,52648
-84.40007,33.77359,52718
-84.397301,33.7729,52748
-84.397102,33.772911,52756
-84.397102,33.772919,52757
-84.39695,33.773178,52809
-84.39695,33.773201,52812
-84.39695,33.773209,52814
-84.396942,33.773258,52819
-84.397171,33.773071,52842
-84.397186,33.77306,52854
-84.396278,33.772339,52924
-84.395531,33.77153,52954
-84.392769,33.771332,53024
-84.391907,33.771858,53042
-84.391907,33.7719,53045
-84.391907,33.771889,53055
-84.391907,33.7719,53058
-84.39183,33.773281,53128
-84.391792,33.775002,53158
-84.393333,33.775879,53228
-84.394798,33.77565,53258
-84.396103,33.77528,53328
-84.396103,33.775269,53329
-84.396103,33.775269,53330
-84.396118,33.775311,53400
-84.396141,33.775398,53629
-84.396141,33.775391,53639
-84.394897,33.7757,53709
-84.393547,33.775921,53739
-84.39212,33.775169,53804
-84.392128,33.77515,53816
-84.391991,33.77499,53829
-84.391991,33.77496,53832
-84.391998,33.774948,53833
-84.391998,33.77494,53838
-84.391991,33.772732,53908
-84.392029,33.771591,53921
-84.392052,33.77153,53924
-84.392029,33.771549,53934
-84.392029,33.771542,53938
-84.394096,33.77142,54008
-84.395462,33.772079,54038
-84.396797,33.772549,54108
-84.396942,33.773109,54131
-84.396942,33.773159,54134
-84.39695,33.77317,54200
-84.396942,33.773178,54204
-84.397057,33.772949,54234
-84.399399,33.773472,54304
-84.402451,33.77441,54334
-84.402512,33.77586,54404
-84.402679,33.77729,54434
-84.403877,33.77721,54504
-84.40416,33.778179,54534
-84.40416,33.778198,54536
-84.404228,33.778179,54537
-84.40419,33.778252,55516
-84.404182,33.779011,55546
-84.40358,33.779579,55616
-84.402473,33.77956,55646
-84.401741,33.77816,55716
-84.402458,33.776581,55746
-84.40258,33.77528,55816
-84.40213,33.773991,55846
-84.399467,33.773472,55916
-84.397232,33.772888,55946
-84.397087,33.772919,55953
-84.397079,33.772919,55954
-84.396942,33.773209,60012
-84.396957,33.773201,60042
-84.396957,33.773201,60047
-84.396957,33.773209,60049
-84.397079,33.772942,60122
-84.395798,33.772388,60152
-84.395592,33.771461,60222
-84.39238,33.77132,60252
-84.391937,33.771881,60312
-84.392029,33.771839,60338
-84.392029,33.771851,60340
-84.39183,33.773628,60410
-84.391838,33.774979,60438
-84.391838,33.774979,60439
-84.391891,33.775021,60442
-84.391899,33.77504,60447
-84.393356,33.775909,60517
-84.394562,33.775822,60547
-84.395927,33.775398,60617
-84.396118,33.775291,60627
-84.396118,33.775291,60627
-84.396133,33.77528,60657
-84.396179,33.775311,61338
-84.396187,33.775299,61348
-84.394638,33.775768,61418
-84.394379,33.77586,61424
-84.394371,33.77586,61426
-84.393791,33.774158,61456
-84.393738,33.774021,61500
-84.393738,33.77401,61502
-84.392937,33.77393,61517
-84.392937,33.77393,61518
-84.392082,33.773918,61534
-84.392082,33.773891,61553
-84.39212,33.771679,61623
-84.392174,33.771439,61629
-84.39212,33.77145,61659
-84.39212,33.771439,61710
-84.395569,33.771358,61740
-84.396042,33.77137,61748
-84.395973,33.771351,61802
-84.399696,33.771011,61832
-84.404221,33.770168,61902
-84.404556,33.77013,61907
-84.404503,33.770069,61937
-84.404503,33.770061,62055
-84.404869,33.767368,62125
-84.403137,33.763802,62155
-84.40303,33.763611,62202
-84.40303,33.763599,62203
-84.402779,33.760342,62233
-84.402809,33.756321,62303
-84.40284,33.752419,62333
-84.404549,33.748901,62403
-84.406433,33.74609,62433
-84.404602,33.744511,62503
-84.404449,33.744339,62510
-84.404449,33.744331,62512
-84.403473,33.743771,62542
-84.399849,33.745541,62612
-84.398499,33.74601,62642
-84.398613,33.745972,62649
-84.398621,33.745972,62657
0,0,63239
0,0,63240
-84.404381,33.744339,63240
-84.405792,33.745708,63310
-84.406433,33.746208,63323
-84.406418,33.746201,63403
-84.405052,33.748051,63433
-84.402969,33.751221,63503
-84.40274,33.75502,63533
-84.402702,33.759201,63603
-84.402809,33.763248,63633
-84.4048,33.76635,63703
-84.404663,33.769821,63733
-84.40699,33.771938,63803
-84.408722,33.773129,63826
-84.408699,33.773109,63834
-84.407753,33.775059,63904
-84.406143,33.77771,63934
-84.407402,33.780739,64004
-84.405884,33.781559,64034
-84.404427,33.78196,64104
-84.405869,33.784328,64134
-84.40612,33.785858,64204
-84.40612,33.786201,64220
-84.40612,33.786201,64222
-84.405273,33.78656,64252
-84.405289,33.787121,64307
-84.405357,33.787251,64316
-84.406029,33.787552,64346
-84.405861,33.787411,64401
-84.405731,33.787369,64407
-84.405731,33.787338,64437
-84.405777,33.787289,64546
-84.405777,33.787289,64547
-84.405663,33.78738,64617
-84.405701,33.787338,64710
-84.405602,33.787331,64718
-84.405602,33.787331,64720
0,0,105336
-84.40564,33.787258,105337
-84.405617,33.787289,105825
-84.405609,33.7873,110416
-84.405602,33.787289,110447
-84.405258,33.78714,110510
-84.405273,33.78714,110524
-84.405289,33.786751,110545
-84.405296,33.786758,110615
-84.405273,33.786739,111157
-84.404732,33.786201,111227
-84.401016,33.78619,111257
-84.398819,33.786129,111323
-84.398857,33.78614,111328
-84.39621,33.786259,111358
-84.392548,33.78653,111428
-84.392342,33.786518,111435
-84.392372,33.78653,111549
-84.390182,33.786518,111619
-84.389214,33.785271,111649
-84.389221,33.784481,111703
-84.389153,33.784481,111723
-84.389183,33.7822,111753
-84.3881,33.781422,111818
-84.388107,33.781422,111837
-84.385452,33.781399,111907
-84.38475,33.781021,111928
-84.38472,33.780991,112628
-84.384682,33.78088,112635
-84.384682,33.780869,112641
-84.386414,33.780781,112707
-84.386414,33.780788,112708
-84.386383,33.7808,112747
-84.386391,33.7808,112759
-84.387161,33.780769,112818
-84.387161,33.780788,112904
-84.388268,33.78104,112933
-84.388268,33.78104,112933
-84.388657,33.780731,113007
-84.388687,33.780731,113009
-84.388992,33.780689,113024
-84.388924,33.780628,113028
-84.388817,33.778221,113058
-84.388817,33.776989,113117
-84.388763,33.776951,113124
-84.389778,33.776909,113147
-84.389832,33.77692,113151
-84.389931,33.776958,113215
-84.389938,33.776951,113223
-84.391724,33.777,113249
-84.391747,33.777,113252
-84.391731,33.776981,113257
-84.391724,33.77697,113300
-84.393448,33.77692,113330
-84.393494,33.77692,113335
-84.393501,33.776909,113343
-84.394012,33.776958,113354
-84.394043,33.776958,113357
-84.39402,33.776951,113412
-84.394028,33.776951,113422
-84.395599,33.777451,113450
-84.39563,33.777489,113453
-84.39563,33.777458,113523
-84.39563,33.777458,113523
-84.397141,33.77824,113553
-84.398209,33.778278,113613
-84.398262,33.778278,113615
-84.398216,33.778301,113625
-84.398262,33.77829,113631
-84.399544,33.778301,113701
-84.401642,33.778229,113731
-84.401848,33.778118,113734
-84.401894,33.778091,113737
-84.401878,33.778099,113747
-84.401894,33.778099,113754
-84.402519,33.776299,113824
-84.402641,33.775169,113849
-84.402641,33.77512,113852
-84.402649,33.775139,113918
-84.402512,33.774448,113941
-84.402519,33.77446,114011
-84.402512,33.774448,114018
-84.400398,33.773529,114048
-84.399178,33.773338,114102
-84.399162,33.773331,114105
-84.399223,33.773331,114126
-84.399208,33.773331,114134
-84.397148,33.77285,114204
-84.397102,33.7729,114208
-84.397118,33.772888,114211
-84.39698,33.773151,114222
-84.39698,33.77317,114224
-84.397003,33.77317,114236
-84.397003,33.77319,114311
-84.396988,33.773209,114349
-84.397011,33.77322,114419
-84.397003,33.77322,114539
-84.397102,33.772919,114603
-84.397102,33.772919,114605
-84.399002,33.77335,114635
-84.399063,33.773369,114636
-84.399178,33.77343,114641
-84.399139,33.773441,114655
-84.399162,33.773441,114657
-84.401649,33.773819,114727
-84.402222,33.774158,114738
-84.402206,33.774139,114808
-84.402222,33.774151,114833
-84.40239,33.775009,114855
-84.402412,33.775089,114859
-84.402473,33.775028,114913
-84.402473,33.775028,114914
-84.402512,33.77607,114944
-84.40239,33.777382,115017
-84.402039,33.777908,115029
-84.402031,33.777882,115042
-84.401421,33.778301,115101
-84.401413,33.778309,115110
-84.400963,33.778439,115119
-84.400879,33.778439,115123
-84.400887,33.778431,115133
-84.400871,33.778431,115137
-84.399498,33.77829,115203
-84.399521,33.778278,115205
-84.398277,33.778252,115235
-84.398087,33.778271,115241
-84.398102,33.778252,115259
-84.398079,33.778252,115302
-84.398102,33.778252,115307
-84.397522,33.778198,115318
-84.397461,33.778221,115322
-84.397461,33.778221,115322
-84.39743,33.778191,115330
-84.395653,33.777451,115400
-84.395523,33.777191,115406
-84.395493,33.77713,115409
-84.395493,33.77713,115410
-84.395538,33.777088,115434
-84.394051,33.776901,115504
-84.393883,33.776901,115509
-84.393829,33.776901,115513
-84.393852,33.776901,115518
-84.393837,33.776901,115519
-84.392258,33.77684,115552
-84.391769,33.77681,115603
-84.391739,33.77681,115608
-84.391762,33.776798,115628
-84.391747,33.776798,115642
-84.390129,33.776798,115712
-84.389717,33.776779,115719
-84.389687,33.776791,115722
-84.389778,33.776951,115730
-84.389771,33.776951,115735
-84.38913,33.77692,115752
-84.388947,33.776951,115822
-84.388962,33.776901,115901
-84.388931,33.776901,115907
-84.388931,33.776878,115912
-84.387749,33.776821,115930
-84.387688,33.776821,115934
-84.387772,33.776772,115949
-84.387756,33.776749,115953
-84.387543,33.776779,120002
-84.38755,33.776791,120011
-84.387512,33.776791,120015
-84.387482,33.77681,120100
-84.387199,33.77792,120130
-84.387222,33.7784,120139
-84.387207,33.778439,120142
-84.387207,33.778439,120143
-84.387207,33.77845,120157
-84.387688,33.780579,120227
-84.385567,33.7812,120257
-84.384903,33.780609,120327
-84.386383,33.780659,120343
-84.386398,33.780689,120347
-84.386391,33.780769,120417
-84.386383,33.780781,120421
-84.386292,33.780781,120457
-84.387802,33.780739,120527
-84.38868,33.780628,120536
-84.388893,33.780602,120541
-84.388901,33.780602,120547
-84.388908,33.78059,120548
-84.388779,33.77845,120618
-84.388931,33.776951,120648
-84.3899,33.776932,120703
-84.389969,33.77692,120707
-84.389793,33.776909,120728
-84.389801,33.776909,120730
-84.389999,33.77689,120742
-84.390007,33.77689,120744
-84.391571,33.776951,120810
-84.39164,33.776939,120814
-84.391708,33.77692,120826
-84.391724,33.77692,120833
-84.39196,33.776878,120844
-84.391953,33.776901,120913
-84.393471,33.77692,120944
-84.393478,33.776859,120955
-84.393982,33.776901,121005
-84.394073,33.776909,121010
-84.393997,33.777012,121020
-84.395508,33.777431,121046
-84.395561,33.777512,121050
-84.395554,33.777489,121100
-84.395561,33.777512,121107
-84.397232,33.778332,121137
-84.398003,33.778339,121146
-84.398148,33.77832,121151
-84.398117,33.778309,121201
-84.398117,33.77832,121204
-84.39904,33.778309,121219
-84.399017,33.778309,121225
-84.401161,33.7785,121255
-84.40168,33.778221,121307
-84.401718,33.778191,121310
-84.40168,33.778179,121319
-84.401672,33.77816,121327
-84.402359,33.777061,121357
-84.40255,33.775311,121427
-84.402588,33.775211,121428
-84.402611,33.775139,121432
-84.402603,33.775169,121440
-84.402603,33.775162,121442
-84.402458,33.774429,121507
-84.402473,33.774441,121529
-84.400383,33.77354,121559
-84.39917,33.773392,121612
-84.399162,33.773399,121617
-84.399162,33.773399,121623
-84.399147,33.773392,121632
-84.397148,33.772869,121702
-84.396912,33.773178,121719
-84.396896,33.773232,121723
-84.396927,33.773209,121735
-84.39695,33.773201,121937
-84.397049,33.77293,122007
-84.398918,33.773411,122037
-84.401093,33.773762,122107
-84.402252,33.774151,122122
-84.402184,33.7742,122203
-84.402359,33.775059,122225
-84.402367,33.775139,122229
-84.402367,33.775139,122229
-84.402382,33.775139,122231
-84.402542,33.775379,122244
-84.40255,33.775372,122248
-84.402382,33.77737,122318
-84.400978,33.778469,122346
-84.40081,33.7785,122350
-84.40081,33.778488,122351
-84.400818,33.778481,122353
-84.398987,33.778301,122423
-84.397888,33.778278,122440
-84.397919,33.778259,122445
-84.397438,33.778198,122455
-84.397362,33.77821,122459
-84.397369,33.778198,122504
-84.397369,33.778198,122507
-84.395592,33.777279,122537
-84.395554,33.777142,122538
-84.3955,33.777081,122543
-84.395508,33.777088,122559
-84.393829,33.776871,122621
-84.393738,33.776878,122624
-84.393753,33.776878,122625
-84.393761,33.776871,122627
-84.391747,33.776798,122657
-84.391731,33.776798,122657
-84.391777,33.776871,122709
-84.391762,33.776871,122712
-84.389778,33.776859,122737
-84.389679,33.77689,122742
-84.389664,33.776909,122749
-84.389641,33.776909,122753
-84.389343,33.776901,122804
-84.38932,33.77692,122807
-84.389236,33.776932,122815
-84.389061,33.777142,122917
-84.388977,33.777061,122928
-84.388977,33.777061,122929
-84.387718,33.776989,122950
-84.387657,33.776989,122953
-84.387749,33.776859,123000
-84.387749,33.776852,123002
-84.387657,33.77684,123010
-84.387581,33.776791,123040
-84.387581,33.776791,123041
-84.387581,33.776791,123042
-84.387558,33.776749,123043
-84.387543,33.776711,123108
-84.387253,33.778049,123138
-84.38726,33.77829,123142
-84.38726,33.778339,123145
-84.387238,33.77853,123159
-84.387238,33.778561,123212
-84.387672,33.78104,123242
-84.38607,33.781441,123312
-84.384918,33.780788,123342
-84.386391,33.780739,123359
-84.386398,33.780739,123401
-84.386337,33.780811,123427
-84.386353,33.780788,123535
-84.386353,33.780788,123539
-84.386353,33.780788,123609
-84.386353,33.780739,123927
-84.387306,33.78072,123944
-84.387306,33.780731,123945
-84.387299,33.780739,123947
-84.38726,33.780651,124017
-84.387177,33.780659,124111
-84.388618,33.780571,124134
-84.388741,33.78054,124139
-84.388924,33.78059,124151
-84.388939,33.78059,124221
-84.388962,33.780602,124238
-84.388809,33.778278,124308
-84.388901,33.77689,124327
-84.388771,33.7771,124413
-84.38974,33.77705,124434
-84.389816,33.77705,124437
-84.3899,33.777039,124452
-84.389908,33.777039,124453
-84.389908,33.777039,124457
-84.389923,33.777,124527
-84.389908,33.77689,124543
-84.39164,33.776951,124613
-84.391708,33.776951,124614
-84.391739,33.776939,124617
-84.391731,33.77692,124629
-84.391739,33.776909,124639
-84.393112,33.776932,124708
-84.393112,33.776932,124709
-84.393997,33.776958,124733
-84.394043,33.776981,124738
-84.394043,33.776989,124746
-84.394058,33.776989,124750
-84.395607,33.77747,124817
-84.39563,33.7775,124820
-84.395622,33.7775,124834
-84.39563,33.777512,124839
-84.396683,33.778229,124909
-84.397583,33.778252,124928
-84.397583,33.778252,124929
-84.39817,33.778309,124942
-84.398247,33.77832,124947
-84.398239,33.778332,124958
-84.398247,33.778332,125001
-84.399071,33.778301,125031
-84.399071,33.778301,125031
-84.399071,33.778309,125035
-84.401123,33.778481,125105
-84.401222,33.778439,125110
-84.401207,33.778431,125120
-84.401878,33.778091,125143
-84.40197,33.778042,125147
-84.40197,33.778042,125148
-84.401978,33.778011,125157
-84.402481,33.776951,125227
-84.402603,33.77533,125257
-84.402649,33.775101,125302
-84.402649,33.775059,125307
-84.402634,33.775089,125315
-84.402634,33.775082,125323
-84.402527,33.774521,125343
-84.402527,33.774521,125347
-84.401131,33.77367,125417
-84.399292,33.773338,125437
-84.399178,33.773331,125442
-84.399208,33.773319,125457
-84.399208,33.773312,125501
-84.397102,33.772888,125531
-84.396988,33.773151,125542
-84.396988,33.773178,125545
-84.396988,33.77317,125602
-84.396988,33.77317,125632
-84.39698,33.773178,125815
-84.39698,33.773178,125842
-84.39698,33.773178,125854
-84.39698,33.77319,125908
-84.39698,33.77322,125927
-84.39711,33.772881,125957
-84.399063,33.773361,130019
-84.399239,33.773399,130025
-84.399193,33.773399,130032
-84.3992,33.773399,130034
-84.401817,33.773861,130104
-84.402237,33.774151,130114
-84.402199,33.774139,130152
-84.402382,33.775051,130215
-84.402428,33.77512,130219
-84.40242,33.775131,130229
-84.402451,33.77512,130237
-84.402573,33.775379,130249
-84.40255,33.77541,130254
-84.402496,33.776009,130311
-84.402512,33.776001,130314
-84.401947,33.778,130344
-84.401001,33.778431,130406
-84.400833,33.77845,130410
-84.400879,33.778431,130429
-84.400871,33.778431,130431
-84.39933,33.778271,130500
-84.399323,33.778271,130502
-84.397873,33.778278,130532
-84.397568,33.77824,130537
-84.397499,33.778252,130542
-84.397507,33.778229,130557
-84.397507,33.778229,130604
-84.397507,33.778229,130608
-84.397499,33.778229,130612
-84.395866,33.777721,130642
-84.395477,33.7771,130657
-84.395439,33.777119,130718
-84.393883,33.77689,130742
-84.393768,33.776901,130746
-84.393791,33.77689,130747
-84.393784,33.77689,130748
-84.3918,33.776821,130817
-84.391708,33.776821,130822
-84.391747,33.776852,130827
-84.391739,33.776852,130829
-84.389801,33.776791,130858
-84.389717,33.776798,130901
-84.389763,33.77681,130909
-84.389778,33.77684,130915
-84.387848,33.77681,130943
-84.387756,33.776821,130947
-84.387733,33.776779,130959
-84.387718,33.776791,131004
-84.387627,33.776791,131010
-84.387642,33.776791,131104
-84.387299,33.778049,131134
-84.387268,33.78022,131204
-84.386078,33.78146,131234
-84.384941,33.780788,131304
-84.386421,33.780788,131324
-84.386414,33.780682,131335
-84.386398,33.780701,131339
-84.386368,33.780788,131409
-84.386368,33.7808,131809
-84.387093,33.780621,131845
-84.387192,33.78054,131853
-84.387207,33.7803,131914
-84.388702,33.780251,131936
-84.388863,33.78035,131940
-84.388878,33.780491,131954
-84.388931,33.780579,132024
-84.388931,33.78059,132038
-84.388947,33.78059,132053
-84.388733,33.77813,132123
-84.388702,33.776852,132153
-84.389587,33.776859,132209
-84.389664,33.776852,132213
-84.389778,33.776859,132238
-84.389801,33.776859,132252
-84.391708,33.776901,132320
-84.391701,33.776901,132322
-84.391678,33.77689,132338
-84.391701,33.77689,132359
-84.393181,33.776932,132427
-84.393173,33.776939,132439
-84.393921,33.776981,132452
-84.39399,33.776981,132455
-84.393997,33.777,132501
-84.394012,33.777,132505
-84.395538,33.777458,132529
-84.395569,33.777512,132533
-84.395554,33.7775,132550
-84.395561,33.7775,132557
-84.397041,33.778259,132627
-84.397324,33.778271,132633
-84.397324,33.778271,132639
-84.39814,33.77832,132658
-84.398163,33.77832,132704
-84.398193,33.77829,132715
-84.398193,33.778301,132722
-84.398727,33.77829,132739
-84.39872,33.77829,132742
-84.398918,33.778278,132753
-84.398918,33.778278,132754
-84.398956,33.77829,132759
-84.398972,33.778301,132809
-84.400993,33.778511,132839
-84.401047,33.7785,132844
-84.401039,33.778488,132857
-84.401123,33.778469,132904
-84.401131,33.778469,132918
-84.401749,33.778172,132931
-84.401871,33.778141,132937
-84.401871,33.77813,132947
-84.401863,33.778118,132951
-84.4021,33.777901,133003
-84.4021,33.777889,133014
-84.40242,33.77684,133044
-84.402527,33.775558,133114
-84.402611,33.77515,133124
-84.402618,33.775089,133127
-84.402618,33.77512,133146
-84.402618,33.775108,133152
-84.402481,33.774441,133218
-84.402473,33.774429,133301
-84.400726,33.773602,133331
-84.399231,33.77335,133348
-84.399178,33.773338,133351
-84.399223,33.773392,133358
-84.399223,33.773399,133402
-84.397301,33.772942,133432
-84.397133,33.772999,133440
-84.397133,33.772999,133442
-84.397011,33.77327,133451
-84.397034,33.773331,133455
-84.397018,33.773289,133506
-84.397034,33.773312,133507
-84.397202,33.77317,133519
-84.397247,33.77319,133700
-84.39698,33.773232,133721
-84.39698,33.773209,134350
-84.39698,33.773209,134358
-84.39698,33.77322,134402
-84.397079,33.772961,134432
-84.399063,33.77346,134458
-84.39917,33.773472,134504
-84.399162,33.77346,134507
-84.39917,33.77346,134511
-84.401657,33.773861,134541
-84.402222,33.774151,134552
-84.402184,33.774132,134622
-84.402184,33.774139,134629
-84.402344,33.77504,134651
-84.402359,33.77512,134655
-84.402351,33.775101,134712
-84.402359,33.775108,134713
-84.40242,33.776691,134743
-84.402367,33.777241,134753
-84.402367,33.777222,134802
-84.401398,33.778301,134832
-84.401382,33.778309,134834
-84.40136,33.77832,134837
-84.401047,33.778461,134845
-84.400841,33.778469,134849
-84.400841,33.778461,134919
-84.400841,33.778461,134928
-84.400833,33.778469,134934
-84.399292,33.778301,135005
-84.398071,33.778332,135025
-84.398148,33.778461,135028
-84.397614,33.778431,135040
-84.397461,33.778412,135045
-84.397377,33.778278,135057
-84.397377,33.778278,135110
-84.395531,33.777401,135140
-84.3955,33.777309,135141
-84.395462,33.77718,135148
-84.395477,33.777149,135155
-84.39547,33.777142,135157
-84.393867,33.776958,135218
-84.393829,33.776958,135221
-84.393829,33.776939,135233
-84.393806,33.776939,135237
-84.393784,33.776939,135241
-84.393784,33.776932,135307
-84.391769,33.776829,135336
-84.391617,33.77684,135342
-84.39167,33.776871,135346
-84.391663,33.77689,135350
-84.389687,33.776821,135419
-84.389641,33.776821,135423
-84.389664,33.776821,135436
-84.389671,33.776871,135441
-84.389023,33.776821,135507
-84.389076,33.777069,135515
-84.387871,33.777081,135540
-84.387756,33.77705,135545
-84.387756,33.77705,135550
-84.387749,33.77705,135553
-84.387619,33.777069,135601
-84.38755,33.77689,135631
-84.38752,33.77684,135705
-84.387238,33.778042,135735
-84.387222,33.778309,135739
-84.387222,33.778419,135743
-84.387222,33.778419,135744
-84.38723,33.778431,135747
-84.387482,33.780849,135817
-84.385712,33.781448,135847
-84.384682,33.781181,135909
-84.384682,33.78109,135914
-84.386337,33.78093,135940
-84.386383,33.780918,135944
-84.386353,33.78088,140011
-84.386497,33.780849,140323
-84.388817,33.78075,140353
-84.38887,33.780739,140353
-84.388931,33.78072,140358
-84.388878,33.780701,140405
-84.388878,33.780701,140408
-84.388893,33.780701,140410
-84.388908,33.780731,140422
-84.388947,33.78072,140427
-84.388947,33.780731,140438
-84.388893,33.779419,140508
-84.388863,33.778439,140538
-84.388863,33.778419,140547
-84.388847,33.776981,140617
-84.389748,33.776932,140631
-84.389839,33.776932,140635
-84.389908,33.776878,140650
-84.389923,33.77692,140659
-84.39164,33.776951,140721
-84.391739,33.776951,140725
-84.391739,33.776951,140725
-84.391693,33.776951,140734
-84.391937,33.77692,140744
-84.39193,33.776939,140807
-84.393944,33.777031,140833
-84.394073,33.777031,140837
-84.394073,33.777031,140837
-84.394073,33.777012,140844
-84.395569,33.777439,140907
-84.39563,33.777519,140911
-84.395599,33.777481,140921
-84.395599,33.777481,140927
-84.397141,33.778271,140957
-84.39801,33.778309,141005
-84.398148,33.77832,141011
-84.398201,33.778339,141025
-84.398209,33.778339,141027
-84.399391,33.778339,141054
-84.399391,33.778332,141057
-84.401222,33.778481,141127
-84.401733,33.778229,141134
-84.401878,33.778149,141139
-84.401878,33.778099,141147
-84.401871,33.778091,141154
-84.402428,33.776821,141224
-84.402588,33.77523,141250
-84.402611,33.775131,141255
-84.402603,33.77515,141259
-84.402603,33.77515,141300
-84.402603,33.77515,141306
-84.402634,33.775108,141317
-84.402397,33.774269,141347
-84.399986,33.773499,141417
-84.399269,33.773411,141424
-84.399193,33.773392,141429
-84.3992,33.77338,141437
-84.399178,33.77338,141442
-84.397057,33.772961,141512
-84.396988,33.77322,141522
-84.397034,33.773312,141527
-84.397102,33.773338,141537
-84.397217,33.773361,141544
-84.397186,33.77335,141614
-84.397202,33.77335,141643
-84.39724,33.77319,141654
0,0,142728
0,0,142729
0,0,142731
-84.397072,33.773449,142801
-84.396988,33.773258,142839
-84.397102,33.772949,142909
-84.399101,33.773472,142937
-84.399101,33.773491,142941
-84.40152,33.773869,143011
-84.40239,33.77504,143038
-84.402443,33.775162,143042
-84.402443,33.775162,143042
-84.402443,33.775162,143043
-84.402557,33.77541,143057
-84.402557,33.775421,143100
-84.402328,33.777451,143130
-84.401352,33.778301,143159
-84.401451,33.778332,143203
-84.401001,33.778461,143219
-84.400902,33.778461,143223
-84.400841,33.778419,143234
-84.400818,33.778419,143239
-84.399323,33.778259,143309
-84.398033,33.778301,143329
-84.397987,33.778301,143349
-84.39756,33.778259,143359
-84.397476,33.778259,143403
-84.397507,33.77824,143409
-84.397461,33.778221,143422
-84.397346,33.778252,143433
-84.397293,33.778229,143441
-84.396408,33.778172,143511
-84.395447,33.777229,143538
-84.395409,33.777149,143544
-84.395462,33.777142,143548
-84.395447,33.777119,143550
-84.394096,33.776951,143617
-84.394089,33.776939,143652
-84.394058,33.776939,143656
-84.394058,33.776939,143657
-84.393951,33.776932,143702
-84.393806,33.776932,143706
-84.393799,33.776932,143707
-84.393791,33.776932,143709
-84.392578,33.77689,143739
-84.392593,33.776859,143809
-84.39257,33.776871,143811
-84.391808,33.776829,143828
-84.391739,33.77684,143831
-84.391724,33.776859,143855
-84.391731,33.776871,143925
-84.391724,33.776871,143925
-84.39006,33.776901,143955
-84.389778,33.776871,144000
-84.389732,33.776878,144003
-84.389481,33.776871,144011
-84.389542,33.776859,144047
-84.388939,33.776821,144116
-84.388931,33.776829,144126
-84.387901,33.776821,144156
-84.387672,33.776669,144201
-84.387642,33.776669,144203
-84.387642,33.776669,144205
-84.387444,33.776451,144344
-84.387077,33.778271,144414
-84.387238,33.77943,144437
-84.387238,33.779411,144449
-84.387718,33.780899,144519
-84.38784,33.780899,144525
-84.387917,33.781052,144616
-84.385452,33.780418,144646
-84.385933,33.779751,144716
-84.386627,33.780128,144730
-84.386436,33.780701,144753
-84.386429,33.780739,144757
-84.386398,33.780811,144827
-84.386353,33.780769,145243
-84.386513,33.779949,145309
-84.38604,33.779499,145316
-84.385582,33.778969,145324
-84.385262,33.77861,145336
-84.387543,33.780048,145357
-84.387932,33.780159,145401
-84.388588,33.780392,145417
-84.388641,33.780411,145419
-84.388733,33.778931,145449
-84.388878,33.777309,145519
-84.389778,33.77692,145538
-84.389893,33.77692,145543
-84.389877,33.776932,145551
-84.389893,33.776932,145600
-84.39167,33.776981,145625
-84.391724,33.776981,145629
-84.391724,33.776981,145646
-84.391739,33.77697,145649
-84.393623,33.77697,145719
-84.39402,33.777012,145723
-84.394119,33.77702,145727
-84.394119,33.77702,145727
-84.394096,33.77697,145739
-84.395599,33.777451,145802
-84.39563,33.7775,145805
-84.395607,33.77747,145827
-84.393494,33.776588,145836
-84.394363,33.777302,145906
-84.39518,33.777401,145920
-84.396423,33.777901,145937
-84.397537,33.778191,145954
-84.397621,33.778229,145959
-84.397987,33.77829,150016
-84.398018,33.77829,150019
-84.398132,33.778332,150032
-84.39814,33.778332,150035
-84.398567,33.778332,150051
-84.398582,33.77832,150107
-84.398628,33.77832,150114
-84.398621,33.77832,150116
-84.398689,33.77832,150124
-84.398697,33.77832,150133
-84.398781,33.77832,150140
-84.398788,33.778332,150146
-84.398933,33.77832,150157
-84.398933,33.77832,150159
-84.400719,33.77853,150229
-84.401031,33.778511,150235
-84.401039,33.778519,150239
-84.401154,33.778481,150249
-84.401161,33.778469,150251
-84.40184,33.778141,150307
-84.401901,33.778111,150311
-84.401901,33.778111,150323
-84.401909,33.778091,150329
-84.402451,33.776669,150359
-84.402451,33.77615,150413
-84.402451,33.77615,150415
-84.402496,33.775822,150447
-84.402519,33.77552,150502
-84.402527,33.775532,150507
-84.402611,33.775219,150518
-84.402634,33.775101,150523
-84.402649,33.775101,150531
-84.402649,33.775101,150534
-84.40258,33.774658,150559
-84.402588,33.774681,150604
-84.400833,33.773609,150634
-84.399246,33.773369,150650
-84.39917,33.773361,150654
-84.3992,33.773369,150700
-84.399178,33.77338,150714
-84.397232,33.77285,150744
-84.397102,33.772919,150750
-84.397102,33.772919,150752
-84.396988,33.773201,150805
-84.396988,33.77319,150807
-84.396942,33.77319,151307
-84.39695,33.773201,151321
-84.39727,33.773251,151351
-84.397263,33.773159,151359
-84.39727,33.773151,151404
-84.397926,33.773178,151434
-84.399101,33.77343,151447
-84.399132,33.77343,151450
-84.399071,33.77343,151506
-84.399094,33.77343,151510
-84.401489,33.7738,151540
-84.402267,33.774139,151552
-84.40226,33.77412,151622
-84.402267,33.77412,151631
-84.402443,33.77507,151656
-84.402443,33.77507,151657
-84.402443,33.775089,151711
-84.402443,33.775108,151722
-84.40258,33.775391,151736
-84.402573,33.775391,151736
-84.402573,33.775398,151739
-84.402557,33.775429,151744
-84.402542,33.775398,151757
-84.402443,33.777229,151827
-84.4011,33.778461,151857
-84.400932,33.778469,151859
-84.400887,33.778461,151901
-84.400871,33.77845,151915
-84.400864,33.77845,151931
-84.399246,33.77829,152001
-84.39798,33.778278,152019
-84.397987,33.778301,152043
-84.397476,33.77824,152054
-84.39743,33.77824,152057
-84.397423,33.77821,152111
-84.397423,33.778221,152121
-84.395554,33.777321,152151
-84.3955,33.777142,152159
-84.395538,33.777149,152215
-84.395531,33.777142,152219
-84.395531,33.777142,152219
-84.395531,33.777142,152223
-84.395508,33.77713,152229
-84.393967,33.77692,152252
-84.393951,33.77692,152255
-84.393951,33.77692,152256
-84.39399,33.776909,152300
-84.39399,33.77692,152304
-84.393967,33.77692,152314
-84.391853,33.776852,152344
-84.391777,33.77684,152345
-84.391762,33.776829,152347
-84.391747,33.776829,152353
-84.391731,33.776829,152404
-84.389832,33.776829,152431
-84.389717,33.77681,152435
-84.389641,33.77684,152448
-84.389618,33.776852,152451
-84.389,33.776901,152506
-84.388947,33.776909,152529
-84.387688,33.776852,152551
-84.38768,33.77684,152556
-84.38768,33.77684,152600
-84.38768,33.776829,152601
-84.387527,33.776859,152611
-84.38755,33.776791,152739
-84.387306,33.77845,152806
-84.387299,33.778469,152809
-84.387299,33.778469,152816
-84.387329,33.778599,152826
-84.387337,33.780029,152856
-84.388168,33.781281,152920
-84.387779,33.78133,153015
-84.385368,33.781239,153045
-84.384933,33.780788,153115
-84.38649,33.7808,153143
-84.386497,33.7808,153145
-84.385727,33.779789,153215
-84.386292,33.780281,153522
-84.38649,33.779942,153535
-84.386948,33.779202,153556
-84.38694,33.778938,153626
-84.386841,33.778431,153635
-84.388351,33.779629,153655
-84.388618,33.779961,153700
-84.38871,33.780159,153705
-84.388748,33.78022,153707
-84.388924,33.779629,153731
-84.388924,33.779629,153733
-84.388863,33.77734,153803
-84.389732,33.776852,153829
-84.389748,33.776852,153831
-84.389549,33.7771,153849
-84.389542,33.777111,153851
-84.39138,33.777168,153917
-84.391411,33.777168,153920
-84.39151,33.777111,153927
-84.391609,33.77705,153937
-84.39389,33.77705,154007
-84.393921,33.77705,154008
-84.393982,33.777061,154011
-84.393982,33.777061,154019
-84.393997,33.777061,154032
-84.395538,33.77747,154102
-84.395561,33.777489,154102
-84.395592,33.777519,154105
-84.395576,33.777611,154113
-84.395576,33.77763,154115
-84.395943,33.77803,154131
-84.39595,33.778099,154134
-84.396851,33.778358,154204
-84.397667,33.778419,154224
-84.397667,33.778419,154225
-84.397743,33.778252,154239
-84.397743,33.77824,154246
-84.398178,33.778259,154256
-84.398216,33.778259,154259
-84.398109,33.778271,154314
-84.398201,33.778259,154319
-84.398918,33.778339,154333
-84.398956,33.778339,154336
-84.398956,33.77832,154342
-84.401123,33.7785,154412
-84.40184,33.778179,154429
-84.401787,33.778111,154445
-84.401787,33.778099,154457
-84.402458,33.77634,154527
-84.40255,33.775452,154557
-84.402618,33.77515,154605
-84.402634,33.77512,154609
-84.402657,33.77512,154618
-84.402649,33.77512,154629
-84.401749,33.7738,154659
-84.399231,33.773369,154722
-84.3992,33.773369,154725
-84.3992,33.77338,154735
-84.399178,33.77338,154739
-84.39772,33.77309,154809
-84.397102,33.772911,154824
-84.39711,33.772919,154829
-84.39698,33.77322,154841
-84.39698,33.773232,154843
-84.39698,33.77322,154913
-84.39698,33.773232,155329
-84.396988,33.773258,155334
-84.396988,33.773258,155356
-84.397057,33.772968,155426
-84.39727,33.7729,155439
-84.397278,33.7729,155441
-84.399162,33.77346,155511
-84.399162,33.77346,155512
-84.399147,33.773418,155609
-84.401299,33.773781,155639
-84.402184,33.774101,155651
-84.402252,33.77409,155657
-84.402252,33.77409,155659
-84.402184,33.774139,155702
-84.40239,33.775108,155730
-84.402367,33.775108,155756
-84.402527,33.775391,155811
-84.402527,33.775391,155814
-84.402267,33.777599,155844
-84.401428,33.778278,155903
-84.401428,33.778278,155905
-84.400848,33.778461,155926
-84.400841,33.778431,155949
-84.39933,33.778252,160019
-84.397552,33.77824,160049
-84.397408,33.77821,160053
-84.397408,33.778179,160123
-84.3974,33.778191,160131
-84.396477,33.778179,160201
-84.395523,33.777149,160222
-84.3955,33.777149,160250
-84.393837,33.77692,160320
-84.393806,33.77692,160323
-84.393822,33.77692,160336
-84.392548,33.776878,160406
-84.392517,33.776871,160409
-84.392517,33.77689,160426
-84.391747,33.776859,160446
-84.391731,33.776852,160509
-84.389977,33.776871,160539
-84.389778,33.776901,160546
-84.389793,33.77692,160604
-84.389793,33.776939,160606
-84.38916,33.776958,160621
-84.389099,33.77697,160639
-84.387802,33.77692,160700
-84.387779,33.77692,160704
-84.387772,33.776932,160714
-84.387749,33.776939,160719
-84.387703,33.776951,160724
-84.38768,33.776951,160740
-84.387527,33.776958,160744
-84.387283,33.77866,160814
-84.38726,33.778648,160814
-84.387268,33.778629,160817
-84.387268,33.778629,160817
-84.387207,33.779461,160840
-84.387207,33.779442,160845
-84.38781,33.780991,160915
-84.38781,33.781151,160923
-84.387772,33.781311,161017
-84.385757,33.781429,161047
-84.384682,33.780918,161114
-84.384666,33.780949,161123
-84.386337,33.78083,161153
-84.386353,33.780811,161153
-84.38636,33.7808,161155
-84.386391,33.780731,161225
-84.38633,33.78075,161633
-84.386337,33.780762,161637
-84.38652,33.780739,161649
-84.386421,33.780682,161657
-84.386993,33.780659,161707
-84.387253,33.78067,161715
-84.387489,33.780651,161742
-84.38858,33.780739,161807
-84.388931,33.7808,161833
-84.388931,33.7808,161834
-84.389038,33.780781,161844
-84.388908,33.78064,161849
-84.388786,33.778069,161919
-84.388832,33.777111,161935
-84.388763,33.777069,161956
-84.388771,33.776989,162002
-84.388771,33.776989,162003
-84.388771,33.777,162005
-84.388809,33.776981,162009
-84.389671,33.776821,162033
-84.389679,33.776798,162046
-84.389702,33.776798,162049
-84.389771,33.776821,162052
-84.38974,33.776798,162109
-84.389748,33.776798,162110
-84.391487,33.77681,162133
-84.391548,33.77681,162136
-84.39164,33.776901,162147
-84.391632,33.776901,162204
-84.39389,33.776958,162234
-84.393967,33.77697,162235
-84.394012,33.77697,162239
-84.393997,33.776958,162246
-84.39402,33.776951,162255
-84.395508,33.777359,162325
-84.395561,33.777451,162327
-84.395569,33.777458,162329
-84.395561,33.777451,162337
-84.395561,33.777458,162344
-84.397469,33.77829,162414
-84.397659,33.778278,162422
-84.397659,33.778271,162426
-84.398178,33.778309,162439
-84.398178,33.77829,162451
-84.398178,33.77829,162451
-84.399002,33.778271,162510
-84.399002,33.778271,162513
-84.401131,33.77845,162543
-84.401772,33.778118,162600
-84.401772,33.778111,162602
-84.401756,33.778118,162614
-84.401779,33.778118,162629
-84.402359,33.777271,162659
-84.402519,33.775478,162729
-84.402588,33.775169,162735
-84.402588,33.775131,162739
-84.402603,33.775162,162750
-84.402611,33.77515,162759
-84.402458,33.774422,162822
-84.402451,33.774399,162832
-84.399612,33.773411,162902
-84.399223,33.773281,162907
-84.39917,33.7733,162909
-84.399162,33.773392,162916
-84.399162,33.773392,162917
-84.397171,33.772942,162947
-84.397148,33.772961,162950
-84.397148,33.772961,162951
-84.396988,33.773239,163005
-84.397003,33.773251,163007
-84.397018,33.773251,163232
-84.397018,33.773251,163302
-84.397011,33.773251,163450
-84.397102,33.772942,163515
-84.397102,33.772942,163516
-84.399101,33.773411,163546
-84.399139,33.77343,163546
-84.399162,33.773472,163549
-84.399147,33.773449,163610
-84.399147,33.77346,163611
-84.401756,33.773869,163641
-84.402237,33.77417,163650
-84.402206,33.774151,163720
-84.402206,33.774158,163730
-84.402382,33.775089,163753
-84.402397,33.775139,163756
-84.402397,33.775131,163808
-84.402412,33.775131,163809
-84.402512,33.77636,163839
-84.401451,33.778339,163909
-84.400993,33.778481,163917
-84.400879,33.778469,163921
-84.400879,33.778461,163941
-84.400871,33.77845,163950
-84.399483,33.778278,164014
-84.399467,33.77829,164023
-84.399338,33.778278,164029
-84.399353,33.77829,164032
-84.398003,33.778259,164054
-84.398003,33.778271,164113
-84.397461,33.778229,164124
-84.397408,33.778229,164127
-84.397408,33.778221,164148
-84.3974,33.778221,164153
-84.395561,33.777279,164223
-84.395493,33.77713,164226
-84.39547,33.7771,164229
-84.395493,33.777111,164244
-84.395477,33.777111,164252
-84.393822,33.776901,164315
-84.393753,33.776901,164319
-84.393753,33.776901,164319
-84.393761,33.776901,164321
-84.392258,33.776909,164347
-84.392258,33.776859,164417
-84.392258,33.776871,164421
-84.391724,33.776852,164435
-84.391708,33.776852,164437
-84.391708,33.776852,164439
-84.391678,33.776829,164449
-84.389801,33.776878,164516
-84.389839,33.777031,164522
-84.3899,33.777142,164529
-84.389893,33.777149,164539
-84.389099,33.777119,164600
-84.388992,33.776859,164629
-84.387718,33.776829,164649
-84.387718,33.776829,164651
-84.387703,33.77676,164718
-84.38768,33.776779,164749
-84.38726,33.777409,164810
-84.387253,33.777691,164832
-84.387299,33.77866,164848
-84.387299,33.778728,164851
-84.387329,33.7785,164900
-84.387329,33.7785,164902
-84.387497,33.780811,164932
-84.387642,33.781101,164939
-84.387611,33.78109,165009
-84.387627,33.781078,165021
-84.386139,33.781639,165051
-84.384956,33.780949,165121
-84.386337,33.78093,165136
-84.386414,33.780918,165139
-84.386414,33.78091,165209
-84.386391,33.78088,165229
-84.386391,33.780769,165259
-84.386551,33.78056,165315
-84.387413,33.78054,165332
-84.387428,33.780521,165335
-84.389,33.780289,165359
-84.389053,33.7803,165402
-84.389053,33.780472,165414
-84.389038,33.780499,165419
-84.388962,33.77935,165449
-84.388908,33.77692,165519
-84.389732,33.776878,165531
-84.389771,33.776878,165534
-84.389809,33.776821,165600
-84.389839,33.776829,165609
-84.391708,33.776859,165637
-84.391731,33.776859,165639
-84.391701,33.77692,165653
-84.391701,33.77692,165702
-84.391693,33.77692,165717
-84.391701,33.77692,165734
-84.391991,33.776901,165746
-84.391991,33.776909,165804
-84.391991,33.776909,165813
-84.391998,33.77692,165814
-84.394051,33.77697,165842
-84.394089,33.77697,165845
-84.394073,33.776939,165904
-84.394073,33.776939,165906
-84.394073,33.776951,165910
-84.394081,33.776951,165913
-84.395569,33.777439,165937
-84.395599,33.777489,165940
-84.395561,33.777489,170000
-84.395569,33.7775,170004
-84.396912,33.778278,170034
-84.398163,33.778332,170054
-84.398178,33.77832,170100
-84.39817,33.77832,170118
-84.398178,33.77832,170126
-84.398209,33.778309,170129
-84.398239,33.77837,170140
-84.39901,33.778351,170153
-84.39901,33.778351,170200
-84.401093,33.778461,170230
-84.401833,33.778111,170246
-84.40184,33.778099,170249
-84.401817,33.778091,170301
-84.401817,33.77808,170306
-84.402489,33.77618,170336
-84.402611,33.7752,170354
-84.402618,33.775139,170359
-84.402649,33.775131,170414
-84.402649,33.77512,170423
-84.401642,33.773701,170453
-84.399246,33.773369,170516
-84.399223,33.773369,170519
-84.399261,33.773392,170537
-84.399246,33.773399,170540
-84.397079,33.77293,170610
-84.397079,33.772942,170611
-84.397079,33.772942,170612
-84.39695,33.77317,170620
-84.39695,33.773201,170623
-84.396957,33.77322,170640
-84.396957,33.77322,170710
-84.396973,33.773232,171107
-84.397057,33.77298,171132
-84.397079,33.772949,171139
-84.39875,33.77338,171209
-84.399078,33.77346,171212
-84.399117,33.77346,171215
-84.399109,33.773449,171229
-84.399117,33.773449,171232
-84.401573,33.773842,171302
-84.402161,33.774132,171313
-84.402168,33.774101,171331
-84.402397,33.775021,171356
-84.40242,33.775082,171359
-84.40239,33.775082,171421
-84.402397,33.775089,171423
-84.402512,33.775928,171449
-84.402512,33.775928,171456
-84.402283,33.777599,171526
-84.40139,33.778301,171550
-84.401382,33.778301,171551
-84.400902,33.778431,171602
-84.400841,33.778431,171605
-84.400818,33.778461,171617
-84.40081,33.778461,171620
-84.399521,33.778301,171646
-84.399544,33.778278,171652
-84.399353,33.778271,171703
-84.39933,33.778271,171713
-84.397408,33.778091,171737
-84.397339,33.77808,171740
-84.397339,33.778301,171749
-84.397331,33.778309,171800
-84.395561,33.77729,171830
-84.395477,33.77713,171834
-84.395477,33.777111,171836
-84.3955,33.777111,171847
-84.395493,33.777111,171852
-84.393867,33.776901,171914
-84.393761,33.776901,171917
-84.393799,33.776909,171934
-84.391823,33.776772,172002
-84.391777,33.776772,172005
-84.391823,33.776821,172018
-84.391808,33.776829,172033
-84.389816,33.776852,172102
-84.389778,33.77684,172106
-84.389778,33.77684,172120
-84.389763,33.77684,172127
-84.387787,33.776852,172156
-84.387756,33.776859,172159
-84.387756,33.776859,172209
-84.387749,33.776859,172210
-84.387558,33.776871,172219
-84.387573,33.776901,172329
-84.387497,33.776901,172335
-84.387497,33.776901,172336
-84.38723,33.778519,172401
-84.387222,33.778549,172405
-84.387222,33.778549,172405
-84.387222,33.778549,172406
-84.38739,33.78072,172435
-84.387352,33.780811,172456
-84.387642,33.781101,172514
-84.387543,33.781151,172619
-84.386803,33.78117,172634
-84.386787,33.78117,172635
-84.384911,33.781231,172705
-84.384613,33.78067,172721
-84.384666,33.780651,172729
-84.386337,33.780708,172751
-84.38636,33.780708,172753
-84.386368,33.780731,172807
-84.386261,33.780731,172900
-84.386299,33.780762,172908
-84.386307,33.78083,172941
-84.386322,33.78083,172945
-84.386307,33.780842,173015
-84.386337,33.78083,173211
-84.387367,33.780762,173230
-84.38736,33.780849,173235
-84.388771,33.780701,173305
-84.388802,33.780689,173306
-84.38884,33.780682,173309
-84.38884,33.78064,173323
-84.388847,33.78064,173330
-84.388779,33.778439,173400
-84.389343,33.776859,173430
-84.389648,33.776901,173437
-84.389709,33.77689,173440
-84.38974,33.776909,173458
-84.389771,33.776909,173515
-84.391563,33.776958,173540
-84.391571,33.776958,173542
-84.391602,33.776958,173544
-84.391617,33.776958,173550
-84.391632,33.776951,173600
-84.391632,33.776951,173600
-84.393494,33.77692,173625
-84.393478,33.776901,173656
-84.39402,33.776951,173707
-84.394051,33.776939,173710
-84.394051,33.776939,173711
-84.39402,33.776951,173722
-84.395554,33.77742,173748
-84.395592,33.777489,173752
-84.395592,33.777481,173814
-84.395592,33.777481,173819
-84.396889,33.778271,173849
-84.398117,33.778301,173902
-84.398193,33.77829,173905
-84.398178,33.778301,173924
-84.398178,33.778301,173925
-84.399063,33.778271,173941
-84.39904,33.77829,173945
-84.401169,33.778469,174014
-84.401169,33.778461,174017
-84.401749,33.778149,174030
-84.401817,33.778099,174034
-84.401817,33.778099,174044
-84.401833,33.778091,174046
-84.402428,33.776932,174116
-84.402557,33.775211,174146
-84.402634,33.77499,174151
-84.402634,33.774971,174153
-84.402649,33.775009,174203
-84.402634,33.77499,174223
-84.402428,33.77433,174243
-84.402443,33.774349,174313
-84.402451,33.774342,174331
-84.400192,33.773529,174401
-84.399231,33.773361,174411
-84.399147,33.773338,174415
-84.399178,33.773319,174425
-84.399162,33.773319,174429
-84.397041,33.772888,174457
-84.397057,33.772888,174500
-84.396912,33.773102,174511
-84.396919,33.773102,174514
-84.396919,33.773109,174524
-84.396942,33.77314,174811
-84.396942,33.77314,174845
-84.396942,33.77314,174915
-84.396942,33.77314,174943
-84.39695,33.77314,175013
-84.39695,33.77314,175028
-84.396957,33.77314,175033
-84.397034,33.7733,175044
-84.397034,33.773289,175046
-84.397049,33.773312,175057
-84.3974,33.77293,175127
-84.39917,33.77343,175146
-84.3992,33.773418,175149
-84.39917,33.773411,175205
-84.39917,33.773411,175205
-84.399178,33.773411,175224
-84.399193,33.773411,175232
-84.40184,33.773891,175302
-84.402252,33.77417,175311
-84.402222,33.774158,175401
-84.40242,33.77507,175424
-84.402451,33.77512,175427
-84.402443,33.775082,175449
-84.402443,33.775089,175450
-84.402489,33.77652,175520
-84.401352,33.778339,175550
-84.401009,33.778431,175557
-84.400902,33.778419,175601
-84.400902,33.778412,175614
-84.400902,33.778412,175620
-84.399193,33.77832,175650
-84.397469,33.77824,175708
-84.397331,33.778221,175712
-84.397346,33.77821,175722
-84.397362,33.77821,175726
-84.395538,33.777271,175756
-84.395508,33.777191,175757
-84.395477,33.777149,175800
-84.395508,33.777142,175816
-84.393852,33.77692,175836
-84.393784,33.77692,175839
-84.393784,33.77692,175840
-84.393806,33.77692,175910
-84.393799,33.77692,175924
-84.391792,33.776878,175953
-84.391769,33.77681,175959
-84.391792,33.776791,180009
-84.391747,33.776798,180019
-84.389801,33.776798,180044
-84.389709,33.776821,180049
-84.389732,33.776852,180104
-84.389709,33.776859,180110
-84.388947,33.77689,180125
-84.388832,33.77705,180304
-84.387772,33.777012,180334
-84.387711,33.777,180335
-84.387672,33.777,180339
-84.387672,33.777,180345
-84.38765,33.777,180400
-84.38752,33.77702,180407
-84.387497,33.77697,180419
-84.38723,33.77755,180437
-84.38723,33.777569,180457
-84.387192,33.778488,180513
-84.387207,33.7785,180516
-84.38723,33.778488,180517
-84.38726,33.778488,180521
-84.387398,33.780769,180551
-84.387413,33.780731,180557
-84.386002,33.78154,180627
-84.385033,33.780842,180657
-84.386391,33.780861,180712
-84.386398,33.780861,180713
-84.386307,33.780529,180742
-84.386353,33.78056,180749
-84.387337,33.780739,180805
-84.387398,33.780659,180837
-84.388733,33.78059,180858
-84.388809,33.78059,180901
-84.388901,33.780571,180919
-84.388908,33.780571,180920
-84.388863,33.77837,180950
-84.38887,33.77676,181010
-84.388863,33.776741,181011
-84.389732,33.776821,181028
-84.389809,33.77684,181031
-84.389717,33.776772,181049
-84.389732,33.776772,181051
-84.391518,33.77681,181121
-84.391602,33.776829,181122
-84.391663,33.776829,181125
-84.391769,33.776878,181133
-84.391777,33.776878,181135
-84.391907,33.776871,181144
-84.391922,33.776878,181155
-84.394028,33.776989,181225
-84.394073,33.776989,181225
-84.394119,33.776989,181229
-84.394119,33.776989,181229
-84.394096,33.776989,181235
-84.395622,33.77747,181259
-84.39566,33.777512,181302
-84.395638,33.777489,181311
-84.395653,33.777489,181313
-84.397743,33.778278,181343
-84.398117,33.778309,181348
-84.398262,33.77832,181352
-84.398216,33.778301,181359
-84.398232,33.778301,181400
-84.399071,33.778301,181415
-84.399078,33.778301,181416
-84.401268,33.77845,181446
-84.401817,33.778172,181454
-84.401863,33.778141,181457
-84.401802,33.77813,181505
-84.401848,33.778099,181509
-84.40255,33.776131,181539
-84.402657,33.775139,181602
-84.402672,33.77515,181614
-84.402672,33.775139,181616
-84.402069,33.773911,181646
-84.399361,33.773361,181716
-84.399338,33.773361,181716
-84.399307,33.77335,181719
-84.39933,33.773369,181728
-84.399323,33.773369,181734
-84.397079,33.772881,181804
-84.39695,33.773109,181811
-84.396973,33.773159,181814
-84.397011,33.773178,181829
-84.397003,33.773178,181859
-84.396988,33.77319,181947
-84.39724,33.773201,182004
-84.39727,33.773239,182010
0,0,182931
0,0,182933
-84.39695,33.773048,182933
-84.396927,33.773159,182939
-84.396942,33.77317,182950
-84.39695,33.773201,182953
-84.39695,33.773209,182954
-84.396957,33.773209,183024
-84.396957,33.773209,183024
-84.396957,33.77322,183033
-84.397102,33.772881,183103
-84.399063,33.773399,183125
-84.399162,33.773418,183129
-84.399117,33.773411,183144
-84.399132,33.773411,183145
-84.401733,33.77383,183215
-84.40226,33.774139,183226
-84.402199,33.774158,183301
-84.402344,33.775009,183323
-84.402382,33.775089,183327
-84.40239,33.775089,183348
-84.402397,33.775089,183403
-84.402428,33.776741,183433
-84.401367,33.778301,183456
-84.40136,33.778278,183501
-84.401009,33.7784,183509
-84.400963,33.778412,183513
-84.400963,33.7784,183531
-84.400948,33.778412,183533
-84.399269,33.77824,183558
-84.399269,33.77824,183559
-84.398163,33.778278,183623
-84.39817,33.778301,183630
-84.397537,33.778271,183646
-84.397476,33.778271,183650
-84.397476,33.77821,183712
-84.397453,33.77821,183713
-84.395599,33.777321,183743
-84.395523,33.777168,183745
-84.395508,33.777149,183748
-84.395531,33.777168,183815
-84.395531,33.777161,183821
-84.394188,33.776871,183851
-84.393921,33.77684,183858
-84.393944,33.776852,183928
-84.393929,33.776852,183933
-84.392303,33.776871,184003
-84.392227,33.776871,184006
-84.39222,33.776878,184043
-84.391678,33.776852,184059
-84.391693,33.776859,184129
-84.391678,33.776859,184151
-84.389748,33.77684,184221
-84.389717,33.77684,184221
-84.389679,33.77684,184224
-84.389702,33.776829,184243
-84.389702,33.776829,184313
-84.389702,33.776859,184321
-84.38903,33.776852,184338
-84.38903,33.776821,184408
-84.389023,33.776821,184505
-84.387779,33.776852,184529
-84.387756,33.776852,184531
-84.387833,33.776901,184556
-84.387863,33.776909,184623
-84.38752,33.777481,184644
-84.387512,33.777451,184714
-84.38752,33.777439,184720
-84.38736,33.778511,184743
-84.38736,33.778511,184745
-84.387306,33.778461,184753
-84.387321,33.778469,184800
-84.38755,33.780918,184830
-84.387802,33.781399,184838
-84.387871,33.781368,184908
-84.387741,33.781509,184935
-84.387749,33.781448,184939
-84.387749,33.781448,184943
-84.385162,33.781528,185013
-84.385719,33.780842,185043
-84.386307,33.780819,185051
-84.386353,33.780819,185053
-84.386353,33.780819,185123
-84.386353,33.780819,185133
-84.38633,33.780842,185203
-84.386429,33.78101,185215
-84.387169,33.780689,185237
-84.387123,33.780338,185240
-84.38868,33.780449,185303
-84.388687,33.780449,185304
-84.388779,33.78046,185308
-84.388863,33.78056,185313
-84.388863,33.780621,185329
-84.388863,33.780621,185330
-84.38887,33.780621,185333
-84.388832,33.780571,185403
-84.388832,33.78056,185417
-84.38871,33.778542,185447
-84.388649,33.777489,185511
-84.388229,33.777351,185559
-84.389221,33.776859,185629
-84.38958,33.77689,185634
-84.389648,33.776829,185638
-84.389702,33.77681,185708
-84.389702,33.77681,185709
-84.389717,33.776798,185717
-84.391571,33.776871,185742
-84.391617,33.776871,185744
-84.391632,33.776859,185810
-84.39164,33.776859,185826
-84.39344,33.77689,185853
-84.393448,33.776901,185923
-84.393463,33.776901,185923
-84.393982,33.776951,185934
-84.39402,33.776958,185937
-84.394051,33.776981,185950
-84.394051,33.776981,185950
-84.395576,33.77747,190015
-84.395638,33.777531,190019
-84.39563,33.777519,190039
-84.39563,33.777519,190043
-84.395638,33.777531,190045
-84.395638,33.777531,190046
-84.395638,33.777531,190047
-84.395638,33.777531,190049
-84.396492,33.778198,190119
-84.396713,33.778252,190126
-84.396698,33.77824,190129
-84.39711,33.778252,190146
-84.397118,33.778259,190216
-84.397141,33.778271,190220
-84.397583,33.77824,190238
-84.397568,33.778229,190254
-84.398163,33.778259,190309
-84.398178,33.778259,190313
-84.398178,33.778259,190332
-84.398193,33.778259,190344
-84.398209,33.778252,190348
-84.398239,33.778259,190353
-84.398323,33.778259,190400
-84.398308,33.77824,190410
-84.398338,33.778252,190414
-84.398369,33.778271,190418
-84.398468,33.778271,190426
-84.398483,33.778271,190429
-84.398567,33.778252,190441
-84.39859,33.778259,190443
-84.39872,33.778259,190458
-84.39872,33.778252,190503
-84.398903,33.778259,190514
-84.398888,33.778259,190519
-84.398972,33.778252,190525
-84.398987,33.778259,190537
-84.401123,33.778412,190606
-84.401123,33.778412,190607
-84.401703,33.778141,190618
-84.401863,33.77816,190623
-84.401703,33.778061,190638
-84.401711,33.778049,190641
-84.402397,33.77634,190711
-84.402473,33.77565,190724
-84.402481,33.77565,190743
-84.402512,33.77549,190805
-84.402519,33.77549,190814
-84.402519,33.775471,190819
-84.402519,33.775452,190826
-84.40258,33.775181,190835
-84.402573,33.775101,190839
-84.402573,33.775101,190900
-84.402573,33.775089,190903
-84.402267,33.77417,190933
-84.399208,33.773361,191000
-84.399132,33.773338,191004
-84.399193,33.77338,191013
-84.399178,33.77338,191019
-84.397018,33.772961,191049
-84.396919,33.773232,191057
-84.396919,33.773232,191057
-84.396919,33.773209,191127
-84.39695,33.773201,191615
-84.39695,33.773201,191616
-84.39695,33.773201,191634
-84.397011,33.773239,191701
-84.397049,33.772911,191731
-84.399132,33.773361,191800
-84.399147,33.773361,191803
-84.399147,33.773361,191824
-84.39917,33.773361,191837
-84.401962,33.773941,191907
-84.40226,33.77417,191915
-84.402199,33.774139,191933
-84.402321,33.775002,191955
-84.402344,33.775051,191958
-84.402351,33.775059,192028
-84.402359,33.77507,192034
-84.402359,33.775082,192039
-84.402473,33.776058,192109
-84.401482,33.77824,192139
-84.400841,33.778461,192155
-84.400818,33.77845,192157
-84.400818,33.778439,192219
-84.40081,33.778439,192227
-84.399353,33.77821,192253
-84.3993,33.778069,192318
-84.397911,33.778042,192344
-84.397972,33.778332,192410
-84.397408,33.778271,192423
-84.3974,33.778259,192424
-84.3974,33.778221,192513
-84.397392,33.778221,192516
-84.395653,33.777409,192546
-84.395439,33.77705,192555
-84.395439,33.777039,192556
-84.395493,33.777069,192617
-84.395477,33.777069,192627
-84.393852,33.776859,192653
-84.393852,33.776871,192654
-84.393883,33.776909,192701
-84.393883,33.776901,192703
-84.392242,33.776798,192729
-84.392242,33.776798,192810
-84.391769,33.776718,192821
-84.391708,33.776711,192824
-84.391724,33.77673,192916
-84.391708,33.77673,192921
-84.389801,33.77676,192949
-84.389778,33.776772,192951
-84.389778,33.776779,193021
-84.389862,33.77713,193030
-84.389862,33.77718,193036
-84.389442,33.777161,193051
-84.38942,33.777031,193109
-84.38781,33.776909,193136
-84.38781,33.776901,193138
-84.387932,33.77668,193208
-84.387901,33.776699,193211
-84.387787,33.776749,193225
-84.387352,33.777279,193247
-84.387352,33.777279,193257
-84.387108,33.778221,193315
-84.387123,33.77824,193317
-84.387253,33.7784,193332
-84.38726,33.778412,193336
-84.387466,33.780731,193406
-84.384842,33.78104,193436
-84.385872,33.780472,193506
-84.386253,33.78046,193509
-84.386711,33.780819,193513
-84.386513,33.7808,193811
-84.386589,33.780849,193823
-84.387428,33.780811,193843
-84.387711,33.780609,193851
-84.388992,33.78064,193921
-84.388992,33.78064,193921
-84.388992,33.78064,193921
-84.389061,33.780602,193949
-84.389061,33.780602,193954
-84.389069,33.78059,193957
-84.389,33.780602,194008
-84.389,33.780602,194019
-84.389,33.780602,194020
-84.38884,33.777939,194050
-84.389954,33.777229,194115
-84.389992,33.777222,194118
-84.389931,33.77705,194152
-84.389931,33.777012,194157
-84.391632,33.777039,194223
-84.39164,33.777039,194225
-84.391609,33.776958,194241
-84.391617,33.776951,194243
-84.39196,33.77692,194255
-84.391968,33.77692,194310
-84.391991,33.776932,194313
-84.391991,33.776932,194315
-84.394051,33.777031,194340
-84.394081,33.777031,194343
-84.394043,33.777,194349
-84.394043,33.777012,194355
-84.394051,33.777012,194357
-84.394073,33.77702,194400
-84.395576,33.77747,194428
-84.395576,33.77747,194430
-84.395531,33.777451,194447
-84.395531,33.777458,194454
-84.39727,33.778301,194524
-84.397263,33.778301,194524
-84.39727,33.778301,194525
-84.397301,33.778301,194531
-84.397324,33.778301,194534
-84.397552,33.778309,194544
-84.397652,33.778309,194613
-84.398216,33.778351,194636
-84.398239,33.778351,194639
-84.398239,33.778351,194655
-84.398247,33.778339,194658
-84.399017,33.778332,194714
-84.399017,33.778381,194717
-84.401237,33.778431,194748
-84.40181,33.77813,194800
-84.401848,33.778118,194803
-84.401871,33.77813,194820
-84.401878,33.778118,194826
-84.402542,33.777031,194856
-84.402603,33.775501,194926
-84.402657,33.775131,194935
-84.402649,33.77507,194937
-84.402641,33.775089,194948
-84.402641,33.775082,194950
-84.402451,33.774368,195011
-84.402451,33.77438,195023
-84.402451,33.77438,195025
-84.40242,33.774342,195103
-84.399208,33.773411,195133
-84.399147,33.773392,195133
-84.399139,33.773392,195135
-84.399223,33.773418,195158
-84.399208,33.773418,195200
-84.397087,33.772919,195230
-84.397102,33.77293,195230
-84.397102,33.772942,195231
-84.396942,33.773178,195240
-84.396942,33.77322,195243
-84.396957,33.773201,195313
-84.396957,33.773201,195317
-84.396957,33.773201,195318
-84.397263,33.77314,195334
-84.397263,33.773121,195337
-84.398804,33.77335,195407
-84.399094,33.773369,195411
-84.399117,33.77338,195413
-84.399132,33.773411,195441
-84.399132,33.773411,195441
-84.401939,33.773949,195511
-84.402107,33.77404,195516
-84.402039,33.774029,195534
-84.402321,33.774979,195555
-84.402359,33.775059,195559
-84.402382,33.77504,195612
-84.40239,33.775051,195614
-84.402451,33.77634,195644
-84.40139,33.778332,195714
-84.40139,33.778301,195727
-84.400917,33.778461,195736
-84.400864,33.778461,195739
-84.400887,33.778461,195802
-84.400879,33.778461,195804
-84.399406,33.778259,195834
-84.398239,33.778259,195904
-84.397453,33.77821,195913
-84.3974,33.77821,195916
-84.39743,33.778259,195931
-84.397423,33.778259,195937
-84.395569,33.77721,200004
-84.395531,33.777161,200007
-84.395508,33.777081,200014
-84.3955,33.777081,200015
-84.394058,33.776878,200035
-84.394081,33.77692,200047
-84.393959,33.776909,200052
-84.393852,33.776901,200056
-84.393829,33.77689,200100
-84.393829,33.77689,200100
-84.392273,33.776852,200124
-84.392258,33.776852,200156
-84.391777,33.776829,200207
-84.391731,33.776829,200210
-84.391731,33.776829,200227
-84.391731,33.776829,200230
-84.389679,33.776791,200258
-84.389671,33.776791,200300
-84.38974,33.776901,200330
-84.389748,33.77692,200332
-84.38974,33.776951,200335
-84.389008,33.776901,200353
-84.389023,33.77684,200423
-84.388977,33.776821,200504
-84.38781,33.776871,200521
-84.387733,33.776852,200525
-84.387718,33.776821,200541
-84.387711,33.776829,200549
-84.387558,33.776829,200557
-84.387543,33.776829,200618
-84.387238,33.77739,200636
-84.387238,33.777401,200657
-84.387138,33.778271,200712
-84.387222,33.778381,200716
-84.387222,33.778381,200723
-84.387222,33.778389,200724
-84.387688,33.780548,200754
-84.38665,33.78138,200823
-84.386581,33.78141,200825
-84.384689,33.78109,200855
-84.386223,33.780739,200921
-84.386223,33.78075,200923
-84.38649,33.780449,200949
-84.386543,33.780392,200951
-84.38662,33.780399,200958
-84.38662,33.780399,200959
-84.386421,33.780689,201029
-84.386627,33.78072,201422
-84.386627,33.780281,201549
-84.386711,33.78009,201558
-84.386681,33.78017,201601
-84.387352,33.780258,201619
-84.38755,33.77927,201655
-84.38858,33.779411,201715
-84.388611,33.77943,201718
-84.38871,33.77993,201728
-84.388802,33.780479,201755
-84.388817,33.780499,201804
-84.38884,33.78051,201815
-84.388847,33.78051,201817
-84.38887,33.78054,201820
-84.388847,33.77795,201850
-84.389076,33.777039,201904
-84.38884,33.776859,201954
-84.389732,33.776779,202013
-84.389771,33.776791,202016
-84.38987,33.777222,202023
-84.389816,33.777149,202036
-84.391571,33.777168,202058
-84.391632,33.777168,202100
-84.391632,33.777168,202102
-84.391663,33.776989,202110
-84.391983,33.776958,202124
-84.391983,33.776939,202156
-84.393959,33.77705,202218
-84.394028,33.777069,202223
-84.394028,33.776981,202229
-84.394028,33.776981,202230
-84.395561,33.777439,202253
-84.395599,33.77747,202255
-84.395576,33.777431,202303
-84.395592,33.777439,202305
-84.397392,33.778221,202335
-84.397377,33.778229,202340
-84.39814,33.778271,202353
-84.39817,33.778271,202355
-84.39817,33.778271,202412
-84.398178,33.778271,202417
-84.399773,33.778358,202447
-84.401161,33.778439,202507
-84.401154,33.778469,202514
-84.401718,33.778252,202526
-84.401756,33.77821,202530
-84.401772,33.778179,202541
-84.401772,33.778172,202543
-84.402412,33.776871,202613
-84.402451,33.776161,202623
-84.402458,33.776161,202628
-84.402489,33.77557,202648
-84.402512,33.77557,202658
-84.402588,33.775139,202726
-84.40258,33.775101,202729
-84.402611,33.775082,202821
-84.402611,33.775082,202824
-84.401093,33.773651,202854
-84.399246,33.773411,202924
-84.399178,33.773399,202926
-84.39917,33.773392,202928
-84.399178,33.773392,202943
-84.399178,33.773392,202943
-84.397087,33.772888,203009
-84.397087,33.7729,203011
-84.397087,33.772919,203015
-84.397079,33.772919,203016
-84.396973,33.773232,203027
-84.396973,33.773232,203027
-84.397003,33.77319,203353
-84.397003,33.77319,203423
-84.397003,33.77319,203443
-84.397003,33.77319,203513
-84.397003,33.773201,203658
-84.397003,33.773209,203717
-84.397171,33.772888,203747
-84.399063,33.773399,203811
-84.399078,33.773399,203813
-84.399048,33.77338,203832
-84.399063,33.773369,203837
-84.401871,33.77388,203907
-84.402382,33.775082,203933
-84.402382,33.775082,203935
-84.402382,33.775059,204001
-84.402382,33.775059,204031
-84.402382,33.775059,204033
-84.402367,33.775059,204102
-84.402367,33.77507,204121
-84.402519,33.775398,204138
-84.402512,33.77541,204158
-84.402344,33.777409,204228
-84.401039,33.7784,204258
-84.400909,33.778431,204259
-84.400818,33.77845,204303
-84.400818,33.77845,204328
-84.40081,33.778439,204330
-84.399101,33.778229,204400
-84.397362,33.778141,204427
-84.397362,33.778141,204428
-84.397308,33.778301,204503
-84.396408,33.778191,204533
-84.395493,33.777191,204551
-84.395462,33.777149,204554
-84.395531,33.777069,204613
-84.395523,33.777069,204619
-84.394203,33.77684,204649
-84.394119,33.776829,204654
-84.394096,33.776852,204724
-84.394089,33.776852,204724
-84.393921,33.776852,204731
-84.393852,33.77684,204735
-84.394096,33.776508,204750
-84.394043,33.776581,204802
-84.393929,33.776741,204816
-84.39389,33.776779,204823
-84.393829,33.776779,204830
-84.393791,33.776852,204836
-84.392471,33.776852,204906
-84.391747,33.77684,204918
-84.391724,33.776852,204920
-84.391708,33.776878,204936
-84.391678,33.776878,204951
-84.390099,33.776901,205021
-84.389923,33.776859,205027
-84.389893,33.776981,205123
-84.389809,33.776958,205128
-84.389801,33.77692,205137
-84.389717,33.776958,205141
-84.389687,33.776981,205145
-84.389702,33.77697,205202
-84.389679,33.77697,205208
-84.38916,33.777012,205220
-84.389122,33.777031,205306
-84.387711,33.77697,205327
-84.387657,33.776939,205330
-84.387573,33.777,205338
-84.387573,33.777,205408
-84.387543,33.777012,205423
-84.387177,33.777382,205441
-84.387604,33.777271,205457
-84.387604,33.7784,205516
-84.387589,33.778439,205519
-84.387558,33.778431,205527
-84.387558,33.778439,205528
-84.387543,33.780689,205558
-84.386421,33.781231,205628
-84.384621,33.781101,205658
-84.386253,33.780651,205728
-84.386269,33.780682,205731
-84.386269,33.780682,205732
-84.386238,33.780708,205903
-84.386253,33.78072,205910
-84.386322,33.780689,205917
-84.386307,33.780689,205919
-84.386063,33.780319,210626
-84.386101,33.78038,210628
-84.386009,33.779549,210658
-84.388489,33.780128,210719
-84.38855,33.780182,210721
-84.388618,33.78038,210738
-84.388771,33.780499,210808
-84.388802,33.780529,210817
-84.388931,33.78009,210847
-84.388931,33.78006,210850
-84.38871,33.779888,210920
-84.388687,33.779881,210935
-84.388573,33.779099,210957
-84.388603,33.779121,211001
-84.388741,33.778278,211031
-84.38884,33.777248,211101
-84.388802,33.777039,211107
-84.388382,33.77676,211153
-84.389389,33.776562,211215
-84.389427,33.776562,211218
-84.389633,33.776699,211229
-84.389702,33.77673,211233
-84.391586,33.776939,211256
-84.391617,33.77697,211303
-84.391968,33.776939,211315
-84.391983,33.776909,211356
-84.393997,33.77697,211422
-84.394051,33.77697,211424
-84.394028,33.776981,211434
-84.394043,33.776981,211437
-84.395569,33.777481,211500
-84.395592,33.7775,211503
-84.395592,33.7775,211515
-84.397308,33.778309,211551
-84.398102,33.778332,211604
-84.398163,33.778351,211607
-84.39814,33.778332,211620
-84.398148,33.778332,211626
-84.398918,33.77832,211643
-84.398918,33.77832,211644
-84.401062,33.7785,211714
-84.401756,33.77821,211728
-84.401787,33.778179,211730
-84.401772,33.778179,211746
-84.401756,33.77816,211803
-84.402397,33.77684,211833
-84.402473,33.775719,211851
-84.402481,33.775719,211854
-84.402512,33.77549,211903
-84.402512,33.775509,211911
-84.40258,33.775009,211927
-84.40258,33.775002,211929
-84.402603,33.775002,211942
-84.402603,33.775002,211944
-84.402428,33.77438,212003
-84.402443,33.774391,212033
-84.402443,33.77438,212054
-84.399399,33.773418,212124
-84.399139,33.77338,212133
-84.39917,33.77338,212144
-84.39917,33.773392,212150
-84.397049,33.772888,212219
-84.397049,33.772888,212221
-84.397057,33.7729,212224
-84.397057,33.772911,212226
-84.396942,33.773071,212235
-84.396942,33.773071,212255
-84.396942,33.773071,212255
-84.396942,33.77322,212302
-84.39695,33.773232,212303
-84.39695,33.773239,212333
-84.396942,33.77327,212925
-84.396942,33.77327,212933
-84.397293,33.7729,213003
-84.399063,33.773392,213018
-84.399109,33.773399,213023
-84.399101,33.773392,213030
-84.399109,33.773392,213031
-84.401718,33.773891,213101
-84.401909,33.773991,213110
-84.401909,33.773979,213128
-84.402267,33.774849,213158
-84.402344,33.775059,213203
-84.402351,33.775082,213206
-84.402351,33.775059,213221
-84.402359,33.775059,213224
-84.40242,33.776379,213254
-84.401489,33.778221,213324
-84.400841,33.7785,213343
-84.400803,33.778488,213346
-84.400841,33.778461,213409
-84.400818,33.778469,213411
-84.399307,33.77832,213445
-84.398178,33.778332,213508
-84.39817,33.778332,213511
-84.397423,33.778259,213529
-84.397392,33.778259,213533
-84.397392,33.778339,213554
-84.397377,33.778332,213557
-84.395607,33.777431,213627
-84.39547,33.777161,213635
-84.39547,33.777161,213636
-84.39547,33.777149,213656
-84.39547,33.777149,213707
-84.39547,33.777149,213718
-84.395462,33.777142,213721
-84.395462,33.777142,213723
-84.395439,33.777119,213725
-84.394791,33.776958,213751
-84.394791,33.776958,213811
-84.393921,33.776932,213841
-84.393898,33.776932,213841
-84.39389,33.776939,213843
-84.393898,33.776932,213853
-84.393898,33.776932,213858
-84.39389,33.776932,213900
-84.393883,33.776939,213919
-84.391937,33.776878,213949
-84.391762,33.776878,213952
-84.391693,33.776878,213954
-84.391693,33.776932,214008
-84.391693,33.776909,214025
-84.390022,33.776901,214055
-84.38974,33.776909,214106
-84.389687,33.776939,214108
-84.389641,33.777031,214208
-84.389618,33.777031,214215
-84.389297,33.777031,214227
-84.389214,33.777031,214311
-84.388657,33.777,214341
-84.388062,33.776958,214355
-84.388062,33.776958,214425
-84.388039,33.776958,214428
-84.387733,33.776772,214438
-84.387733,33.776772,214444
-84.387733,33.776779,214514
-84.387733,33.777,214711
-84.387688,33.776821,215017
-84.387688,33.776821,215021
-84.38768,33.776821,215025
-84.387283,33.77739,215050
-84.387283,33.77739,215051
-84.387192,33.77737,215053
-84.387161,33.777359,215100
-84.387169,33.778309,215117
-84.387177,33.778351,215120
-84.387177,33.778351,215121
-84.387329,33.778519,215125
-84.38752,33.78072,215155
-84.386612,33.781261,215225
-84.385353,33.78125,215240
-84.385208,33.781342,215258
-84.385101,33.781361,215310
-84.385017,33.781479,215321
-84.385139,33.780781,215351
-84.386269,33.7808,215403
-84.386269,33.7808,215403
-84.38633,33.780842,215433
-84.38633,33.78083,215559
-84.38633,33.78083,215608
-84.38723,33.780811,215636
-84.387238,33.780762,215651
-84.388687,33.780609,215721
-84.388809,33.780571,215726
-84.388817,33.780571,215728
-84.388817,33.780571,215802
-84.388809,33.780548,215832
-84.388832,33.78054,215849
-84.388779,33.779179,215919
-84.388802,33.778358,215934
-84.388809,33.778358,215938
-84.388741,33.777012,220008
-84.389526,33.776791,220038
-84.389702,33.77676,220043
-84.389717,33.776749,220045
-84.389801,33.776798,220115
-84.389839,33.77684,220149
-84.389801,33.776741,220201
-84.391403,33.77673,220231
-84.39151,33.776741,220233
-84.391518,33.776741,220234
-84.391632,33.77692,220303
-84.39164,33.776932,220307
-84.391708,33.77692,220315
-84.391731,33.776932,220319
-84.393799,33.77697,220348
-84.393997,33.776989,220356
-84.393967,33.777,220418
-84.393982,33.776989,220421
-84.395554,33.777451,220445
-84.395592,33.777489,220448
-84.395561,33.777489,220517
-84.395569,33.7775,220525
-84.396729,33.778278,220555
-84.397049,33.778278,220603
-84.397041,33.778259,220613
-84.397507,33.778259,220627
-84.397507,33.778259,220659
-84.398117,33.77829,220711
-84.398148,33.77829,220713
-84.39814,33.778278,220746
-84.398148,33.778271,220749
-84.398262,33.778271,220803
-84.398262,33.778271,220809
-84.398666,33.778271,220839
-84.399513,33.77832,220909
-84.40078,33.7785,220939
-84.401077,33.778461,221001
-84.401077,33.778469,221011
-84.401688,33.77824,221024
-84.401741,33.778221,221027
-84.401688,33.778141,221058
-84.401711,33.778118,221103
-84.402359,33.777538,221121
-84.402328,33.777618,221133
-84.402496,33.775909,221203
-84.402611,33.775249,221218
-84.402618,33.775188,221223
-84.402611,33.775181,221248
-84.402603,33.775169,221256
-84.402588,33.775101,221301
-84.40258,33.775101,221304
-84.402489,33.77459,221323
-84.402496,33.77457,221333
-84.399918,33.773521,221403
-84.399292,33.77343,221413
-84.399292,33.77343,221414
-84.3993,33.773399,221428
-84.3993,33.773411,221435
-84.397247,33.772812,221505
-84.397118,33.7729,221510
-84.397141,33.77293,221513
-84.396988,33.773209,221522
-84.396988,33.77327,221524
-84.397011,33.77327,221628
-84.397011,33.773281,221630
-84.39724,33.7729,221700
-84.399094,33.773479,221724
-84.399109,33.773479,221726
-84.399071,33.773441,221736
-84.399078,33.773441,221738
-84.402008,33.774059,221808
-84.402367,33.775108,221827
-84.402382,33.775139,221830
-84.402344,33.775131,221902
-84.402344,33.775139,221904
-84.402496,33.775742,221934
-84.40197,33.778069,222004
-84.40094,33.778511,222031
-84.40094,33.778461,222037
-84.400909,33.778419,222107
-84.400909,33.778419,222112
-84.400902,33.778419,222119
-84.400009,33.778358,222143
-84.400017,33.778381,222151
-84.399773,33.778301,222213
-84.399757,33.778309,222218
-84.39856,33.778259,222248
-84.39753,33.778179,222316
-84.397522,33.778179,222317
-84.397507,33.778381,222347
-84.397491,33.778381,222353
-84.395714,33.777599,222423
-84.395531,33.777271,222433
-84.395508,33.77718,222443
-84.395508,33.77718,222444
-84.395508,33.777222,222450
-84.393959,33.776909,222514
-84.393913,33.776909,222517
-84.393929,33.776901,222529
-84.393929,33.776901,222558
-84.392349,33.776852,222628
-84.392227,33.776859,222635
-84.392258,33.776932,222705
-84.392242,33.776901,222716
-84.391777,33.776859,222727
-84.391739,33.776852,222730
-84.391731,33.776829,222751
-84.391724,33.776829,222754
-84.389748,33.776821,222824
-84.389702,33.77681,222827
-84.389702,33.77681,222829
-84.389709,33.77681,222859
-84.389709,33.77681,222929
-84.389709,33.776829,222930
-84.389023,33.77692,222953
-84.388947,33.77684,223023
-84.388931,33.77684,223104
-84.387741,33.776779,223121
-84.387688,33.776772,223125
-84.387741,33.77681,223142
-84.38781,33.776852,223212
-84.387802,33.776859,223233
-84.387558,33.776878,223244
-84.387543,33.776878,223314
-84.387573,33.776909,223415
-84.387383,33.777531,223433
-84.387352,33.77758,223458
-84.387291,33.778511,223514
-84.387268,33.77861,223517
-84.387268,33.778728,223527
-84.387283,33.778759,223533
-84.38765,33.781399,223603
-84.384956,33.781681,223633
-84.384743,33.78112,223643
-84.384758,33.78109,223653
-84.38636,33.780849,223711
-84.38649,33.780918,223714
-84.386757,33.781189,223747
-84.386803,33.781239,223749
-84.387497,33.781021,223806
-84.387352,33.780762,223849
-84.38884,33.780701,223913
-84.38884,33.780682,223917
-84.388817,33.780659,223924
-84.388817,33.780659,223925
-84.388878,33.780651,223927
-84.388924,33.78064,223930
-84.388908,33.78064,224051
-84.388924,33.780628,224059
-84.388893,33.77985,224119
-84.388588,33.7798,224128
-84.388557,33.777649,224158
-84.389763,33.777031,224225
-84.38987,33.777039,224228
-84.389923,33.77702,224249
-84.389931,33.777012,224256
-84.390007,33.77697,224304
-84.390022,33.776932,224308
-84.391144,33.776958,224338
-84.391632,33.776958,224343
-84.39167,33.776958,224346
-84.391647,33.776939,224356
-84.391663,33.776939,224400
-84.391899,33.776901,224410
-84.391922,33.77689,224413
-84.39196,33.77689,224417
-84.39196,33.77689,224427
-84.393913,33.77692,224450
-84.394028,33.776932,224453
-84.393997,33.776939,224459
-84.393997,33.776939,224459
-84.3955,33.77739,224519
-84.395531,33.777439,224523
-84.395531,33.77747,224534
-84.395538,33.777481,224536
-84.397301,33.778252,224606
-84.398079,33.778301,224616
-84.398148,33.778301,224619
-84.398132,33.77829,224631
-84.39814,33.77829,224631
-84.399918,33.778389,224701
-84.401031,33.778481,224723
-84.40107,33.778481,224728
-84.4011,33.778461,224733
-84.401131,33.778469,224736
-84.401649,33.778221,224746
-84.401688,33.778172,224750
-84.40168,33.77816,224800
-84.401688,33.77816,224801
-84.402473,33.77644,224831
-84.402611,33.7752,224852
-84.402618,33.77512,224856
0,0,225920
0,0,225921
-84.399529,33.77346,230007
-84.399162,33.773418,230026
-84.39917,33.77343,230034
-84.397202,33.772831,230104
-84.397209,33.772831,230104
-84.397232,33.772831,230109
-84.39695,33.77319,230132
-84.396942,33.77319,230135
-84.396957,33.77319,230205
-84.39695,33.773201,230915
-84.39695,33.77322,231023
-84.397057,33.772942,231053
-84.399139,33.77346,231117
-84.399147,33.773472,231119
-84.399132,33.773472,231121
-84.399132,33.773472,231134
-84.402031,33.773979,231204
-84.402412,33.775059,231229
-84.402397,33.77507,231231
-84.40242,33.77504,231301
-84.402397,33.775051,231323
-84.402397,33.775059,231328
-84.402496,33.7752,231338
-84.402481,33.775211,231355
-84.402443,33.776661,231425
-84.402367,33.77729,231435
-84.402367,33.777309,231441
-84.401321,33.778309,231509
-84.401314,33.77832,231511
-84.400902,33.77845,231520
-84.400757,33.77845,231523
-84.400772,33.778431,231553
-84.400772,33.778431,231556
-84.400757,33.778431,231559
-84.399307,33.778271,231627
-84.3993,33.778259,231631
-84.397858,33.778221,231701
-84.397377,33.778191,231708
-84.397362,33.778191,231711
-84.3974,33.778191,231733
-84.397392,33.778191,231737
-84.395569,33.777309,231807
-84.39547,33.777111,231812
-84.395462,33.7771,231814
-84.39547,33.777111,231832
-84.395477,33.777088,231837
-84.394073,33.776852,231900
-84.393929,33.776852,231904
-84.393929,33.776901,231930
-84.393944,33.776901,231932
-84.392212,33.776932,232001
-84.392197,33.776878,232041
-84.391808,33.776852,232050
-84.391708,33.776852,232053
-84.391724,33.776859,232108
-84.391708,33.776852,232112
-84.389702,33.776852,232138
-84.389664,33.776871,232141
-84.389732,33.776939,232210
-84.389717,33.776939,232214
-84.389061,33.77697,232231
-84.389038,33.777,232301
-84.38903,33.776989,232304
-84.387779,33.77713,232327
-84.387756,33.77713,232329
-84.387688,33.776852,232345
-84.38768,33.776859,232352
-84.387611,33.776878,232401
-84.387604,33.776878,232419
-84.387299,33.777489,232439
-84.387291,33.777489,232458
-84.387108,33.778412,232513
-84.387108,33.778439,232516
-84.387177,33.7785,232526
-84.387177,33.7785,232528
-84.387497,33.78088,232558
-84.385307,33.78141,232628
-84.385551,33.78146,232658
-84.386383,33.781479,232708
-84.386383,33.781471,232709
-84.385948,33.780682,233925
-84.386002,33.780701,233931
-84.386963,33.780739,234001
-84.386971,33.78075,234003
-84.387466,33.780521,234026
-84.388939,33.7803,234051
-84.388947,33.780319,234054
-84.389061,33.780609,234127
-84.389076,33.780602,234131
-84.389076,33.780602,234133
-84.389076,33.78059,234142
-84.388809,33.778461,234212
-84.38903,33.776798,234242
-84.389809,33.77684,234255
-84.389832,33.77684,234256
-84.389992,33.776989,234351
-84.391701,33.776958,234414
-84.391701,33.776958,234417
-84.391647,33.776939,234425
-84.39164,33.776932,234429
-84.393753,33.77692,234459
-84.394043,33.776958,234504
-84.394043,33.776958,234505
-84.394043,33.776939,234518
-84.394051,33.776939,234521
-84.394058,33.776939,234524
-84.394058,33.776939,234525
-84.395554,33.77737,234550
-84.395576,33.777451,234553
-84.395554,33.777451,234609
-84.395561,33.777458,234613
-84.397079,33.778259,234643
-84.398178,33.778278,234707
-84.398193,33.77829,234709
-84.398132,33.778351,234745
-84.39814,33.778339,234747
-84.39949,33.778358,234817
-84.401154,33.7784,234836
-84.401123,33.7784,234841
-84.401657,33.778229,234855
-84.401703,33.778179,234857
-84.401703,33.778149,234913
-84.401718,33.778141,234919
-84.402412,33.77644,234949
-84.402557,33.77512,235019
-84.402557,33.775101,235019
-84.402557,33.775089,235021
-84.40258,33.77512,235039
-84.40258,33.775101,235041
-84.40255,33.774712,235058
-84.402557,33.7747,235104
-84.400627,33.773628,235134
-84.399162,33.773399,235151
-84.399147,33.773399,235153
-84.39917,33.773399,235207
-84.399162,33.773399,235208
-84.397057,33.7729,235235
-84.397072,33.7729,235237
-84.39695,33.77319,235251
-84.39695,33.77319,235251
-84.396927,33.77322,235321
-84.396973,33.77314,235825
-84.396973,33.77314,235855
